player_name,position,height_wo_shoes,weight,wingspan,standing_reach,body_fat_pct,hand_length,hand_width,standing_vertical_leap,max_vertical_leap,lane_agility_time,three_quarter_sprint,bench_press
Adam Allenspach,C,83.5,259,84.5,107,12.4,,,28.5,31,11.9,3.4,16
Gilbert Arenas,SG,74.25,199,81.5,99.5,5.3,,,31.5,36,,3.25,12
Brandon Armstrong,SG,75.5,188,81.5,99.5,9.3,,,30,37,10.91,3.2,6
Shane Battier,SF-PF,80.25,229,82.5,105,9.3,,,29.5,33,10.95,3.3,12
Cookie Belcher,SG-PG,75,206,80.5,99,5.3,,,35,41.5,11.26,2.91,7
Charlie Bell,PG,74.5,200,79.5,97.5,6.7,,,31.5,38,10.59,3.12,15
Ruben Boumtje-Boumtje,C,83.5,245,88,111,6,,,26.5,31,11.84,3.33,6
Calvin Bowman,PF,80.75,214,83.5,104,8.6,,,28.5,34.5,11.96,3.21,7
Michael Bradley,PF,81.5,227,85.5,107,9.3,,,27,30,11.11,3.35,13
Jamison Brewer,PG,74.5,178,80.75,102.5,6.7,,,26,32.5,9.65,3.15,12
Kwame Brown,PF-C,82,243,85,108,8.9,,,30,33,11.59,3.45,17
SirValiant Brown,PG,71,176,76,92.5,6.7,,,31,39.5,11.23,3,10
Damone Brown,SF,80.25,202,83.75,104.5,6.7,,,32,37,11.81,3.27,6
Ryan Carroll,SF-SG,76,202,80.25,99,8,,,34.5,39,11,3.1,14
Tyson Chandler,SF-PF,83.5,224,87,110,6.7,,,31,33.5,12.13,3.36,2
Eric Chenowith,C,85,264,88,111,12.9,,,23.5,27.5,12.5,3.59,6
Sam Clancy,PF,78.25,242,86.75,107,8,,,31,34,11.47,3.13,15
Gyasi Cline-Heard,PF,78.25,231,83.5,103,8,,,31.5,34.5,11.4,3.23,11
Jason Collins,PF-C,82.25,251,88.5,110,12.9,,,25.5,28.5,12.1,3.54,8
Jarron Collins,C-PF,81.25,252,87,104,15.2,,,23,29,11.65,3.6,10
Omar Cook,PG,71.5,189,77.5,92,5.5,,,31,35.5,10.77,3.2,9
Eddy Curry,C,82.5,301,90.5,111,16.5,,,28,31,12.25,3.53,16
Tate Decker,SF,81.25,218,83.75,107,13.6,,,25.5,28.5,12.19,3.47,13
DeSagana Diop,C,82,314,90.5,113,21,,,21.5,25.5,12.37,3.56,15
Robb Dryden,C,85,241,86.5,110.2,8,,,27,30,12.47,3.46,8
Anthony Evans,PF,78,267,83.5,101.5,12.9,,,31.5,33,12.56,3.31,18
Maurice Evans,SG,76.25,221,80,101,4,,,34.5,37.5,10.08,3.12,22
Benjamin Eze,C-PF,80.75,232,90,109,3.9,,,29,32,13.05,3.36,14
Kimani Ffriend,C-PF,81.5,228,82.75,108.5,11.7,,,32,33,11.46,3.09,9
Alton Ford,PF,80.25,271,82.5,102.5,8,,,34.5,36.5,11.7,3.16,21
Joseph Forte,SG,75.5,193,78.5,100.5,,,,26.5,33,11.51,3.19,10
Jason Gardner,PG,69.75,188,73.25,92.5,8,,,34.5,40,10.88,2.92,9
Jerry Green,PG-SG,73.5,179,78.25,99,5.5,,,28.5,35,11.7,3.17,13
Kenny Gregory,SF,75.5,200,83.25,101,6.7,,,39.5,45.5,11.33,3.1,10
Eddie Griffin,PF-SF,81.25,222,87,110,4,,,26.5,33,11.77,3.21,3
Trenton Hassell,SG-SF,76.25,205,80,99.5,5.3,,,35.5,37.5,11.57,3.29,12
Kirk Haston,PF-SF,80,242,84.25,106,10.5,,,27,31.5,12.25,3.35,11
Charles Hathaway,C,80,274,86,107.5,,,,,,,,
Brendan Haywood,C,83.75,266,90.5,113.5,12.9,,,27,28.5,12.87,3.5,17
Michael Hicks,SG,76,197,81.25,100.5,7.3,,,33,40.5,11.38,3.19,13
Steven Hunter,C-PF,82.25,224,88,108,5.3,,,30.5,38.5,11.99,3.15,11
Andre Hutson,PF,80.25,244,83.75,105.5,11.7,,,29,32.5,11.25,3.3,17
Nate James,SF,76.75,196,82.75,103,6,,,26,31,11.42,3.31,23
Richard Jefferson,SF,79.25,223,84,103,6.7,,,33,38.5,11.19,3.15,14
Horace Jenkins,PG,71.75,171,77.25,97,6,,,34.5,41,10.97,3.1,2
Darrell Johns,C,83.25,278,89,111.5,19.1,,,23.5,30,12.41,3.59,18
Ken Johnson,C,82.75,227,88,109.5,9.9,,,32.5,35,11.27,3.12,13
Joe Johnson,SF-SG,78.75,226,81,105,6.7,,,32.5,36.5,12.05,3.4,12
Darren Kelly,SG-PG,74,178,78.75,100,6.7,,,30.5,34.5,11.38,3.21,1
Sean Lampley,SF,77.5,213,81.25,101,8,,,36,40,11.06,3.12,12
Zach Marbury,PG-SG,73.25,183,75.5,96.5,6.7,,,33,36.5,11.53,3.1,0
Mike Mardesich,C-PF,82.25,247,84.5,108.5,13.6,,,24,30,11.65,3.45,8
DeMarcus Minor,SG,75.25,207,80.25,99.5,6.7,,,29,41,10.57,3.15,9
Jamario Moon,SF,78.5,185,83.5,103,5.3,,,33,43,11.64,3.08,0
Troy Murphy,PF,81.75,230,83,105.5,11.7,,,28.5,34.5,11.22,3.43,11
Troy Ostler,PF-SF,80.75,200,85.5,106.5,8,,,26.5,29.5,13.42,3.5,2
Lazaros Papadopoulos,C-PF,82.25,227,86.5,110.5,11.7,,,23,26,12,3.7,4
Rashad Phillips,PG,69,166,73.5,92,12.4,,,27,32,11.93,3.27,5
Demetrius Porter,PG,70.75,178,74.75,94,12.4,,,26,31,11.5,3.34,5
Martin Rancik,PF-SF,80.75,230,80,102.5,8,,,32,37,10.77,3.19,14
Jason Richardson,SF-SG,76.75,213,83.5,102.5,5.3,,,32.5,39.5,11.75,3.12,15
Norman Richardson,SG,75.5,180,76.5,99,6,,,30.5,35.5,10.97,3.15,2
Jeryl Sasser,PG-SG,77.5,194,82.5,103.5,6.7,,,29,34,11.47,3.22,1
Kenny Satterfield,PG,73,176,76.5,98,6.7,,,28.5,33,12.05,3.2,3
Brian Scalabrine,PF-SF,80.75,241,81.75,105.5,13.6,,,27,30.5,11.75,3.47,14
Lee Scruggs,PF-SF,82.25,209,89.75,110.5,10.5,,,23.5,29.5,13.28,3.55,0
Bobby Simmons,SF,78.25,235,84.25,105,6.7,,,27.5,34,11.69,3.41,12
Will Solomon,PG-SG,71.75,172,81.5,99.5,4,,,28.5,35,11.3,3.22,4
Greg Stevenson,SF,75.75,215,84.5,102,7.3,,,30,35.5,11.29,3.23,15
Damone Thornton,PF,78.75,235,85.75,103.7,8,,,33.5,37.5,11.17,3.2,19
Jamaal Tinsley,PG,72.75,199,79.5,97.5,13.6,,,28,37.5,11.96,3.2,1
Tory Walker,SF,78.75,187,83.25,104.5,6.7,,,28,33,11.95,3.25,7
Souleymane Wane,C,80.5,235,89,109,11.2,,,29,30.5,12.02,3.46,9
Earl Watson,PG,72,184,78.75,97,4,,,32.5,37.5,10.97,3.19,4
Rodney White,SF,79.5,243,83.5,104.5,9.3,,,27.5,33,12.07,3.47,16
Loren Woods,C-PF,84.75,246,89.5,113,9.3,,,24.5,28,11.83,3.48,10
Michael Wright,PF,79,247,83.5,106.5,9.3,,,27.5,33.5,11.37,3.21,18
Brent Wright,PF-SF,79.75,236,85.5,105.5,12.4,,,23,29,12.25,3.3,19
Tony Allen,SG,75.5,214,81,102,6.7,,,31.5,36.5,10.7,3.19,17
Trevor Ariza,SG-SF,79,201,86,107.5,8,,,29.5,32,11.63,3.29,8
Andre Barrett,PG,68.75,171,73,92,6.7,,,29,34.5,10.63,3.08,13
Brandon Bass,PF,78.25,246,86.5,106.5,9.3,,,31.5,33,11.61,3.24,18
Andris Biedrins,C,,,,,9.3,,,,,,,
Tony Bobbitt,SG,74.75,185,79,100,7.3,,,,,,,1
Brian Boddicker,SF-PF,79.5,230,82,105.5,11.2,,,28,30,10.93,3.25,16
Tim Bowers,PG-SG,72.5,181,81,98,2.6,,,37,43.5,11.24,3.21,13
Andre Brown,PF-C,80,236,83,107,6,,,32,35.5,11.7,3.22,18
Antonio Burks,PG,72,191,78.5,96.5,9.9,,,,,,,9
Jackie Butler,C,80,263,85.5,109,16.3,,,23,25,13.32,3.4,14
Aleksandar Capin,PG,72,176,73.5,94,9.3,,,23,29,11.5,3.27,4
Ales Chan,C,84,255,87,113,14.8,,,21,29,12.9,3.62,2
Josh Childress,SG-SF,77.75,196,83,105,9.3,,,29,36,11.95,3.38,11
TJ Cummings,SF,79.5,215,81.5,106.5,6.7,,,27,31,11.58,3.12,6
Erik Daniels,SF-PF,78.25,223,83,106,18.5,,,31,32,11.38,3.19,4
Luol Deng,SF,79,220,84.5,108.5,6.7,,,27.5,31.5,11.46,3.34,5
Marcus Douthit,C-PF,81.5,223,88,111.5,13.7,,,25.5,31.5,11.64,3.34,1
Chris Duhon,PG,72,193,78.5,98,6.7,,,31.5,35,10.45,3.14,7
John Edwards,C,83.25,264,88.5,113,14.1,,,,,,,15
Andre Emmett,SG-SF,75.5,216,81,100,6.7,,,,,,,
Desmon Farmer,SG,76.5,214,80.5,103,5.3,,,24,31,10.89,3.2,12
Luis Flores,PG-SG,72.5,202,79.5,98.5,6,,,29,32,10.97,3.1,15
Matt Freije,SF-PF,80.25,234,85,108.5,10.8,,,29.5,31,11.15,3.25,13
Chris Garnett,C-PF,80.25,260,85,108,14.8,,,27,31.5,11.75,3.36,22
Ryan Gomes,SF-PF,78.5,248,86,106.5,,,,26.5,30.5,12.49,3.24,9
Ben Gordon,PG-SG,73,192,80.5,99,5.3,,,31.5,37.5,11.28,3.19,12
Devin Harris,PG,73.75,170,79.5,98.5,5.3,,,30.5,37,11.03,3.19,5
Dwight Howard,PF-C,81,240,88.5,111.5,10.5,,,30.5,35.5,11.21,3.14,7
Rolando Howell,PF,79.5,229,84.5,107,11.7,,,28.5,34.5,11.91,3.28,
Kris Humphries,PF,80.25,238,84.5,106.5,6.7,,,29.5,36,11.33,3.2,22
Andre Iguodala,SG-SF,77.75,217,83,105.5,6.7,,,30.5,34.5,11.17,3.18,4
Martin Iti,C-PF,80.5,233,89,111.5,10.5,,,26.5,32.5,12.28,3.41,13
Luke Jackson,SF-SG,78,212,80.5,103,8,,,26.5,36,11.1,3.24,13
Al Jefferson,PF-SF,80.5,263,86.5,110,10.5,,,28.5,30,13.08,3.29,3
Arthur Johnson,PF-C,79,262,87,109,16.3,,,26.5,28.5,11.81,3.38,14
Ivan Koljevic,PG,73,172,74.5,95,6.7,,,26,28.5,11.07,3.28,4
Herve Lamizana,SF-PF,79.5,210,85.5,107,6.7,,,,,,,
Sergei Lishouk,PF-SF,82.25,244,84,109.5,10.5,,,,,,,
Shaun Livingston,PG-SG,78.25,186,83,105.5,6.7,,,26.5,30,10.72,3.23,
Jaime Lloreda,PF,78.75,247,81.5,107,9.9,,,25.5,29.5,12.93,3.23,6
Bryant Matthews,SF-SG,77.75,206,84.5,105.5,6.7,,,29,34.5,11.08,3.13,13
Marcus Melvin,SF-PF,78.75,241,84,105.5,10.5,,,25,30.5,11.81,3.33,11
Rich Melzer,PF-SF,79.5,229,86,107,12.4,,,24.5,28.5,11.74,3.39,8
Ricky Minard,PG-SG,75.25,198,79,101.5,8,,,27.5,33,10.94,3.1,13
James Moore,PF-SF,78.5,198,84.5,107,8,,,28.5,32.5,11.01,3.21,
Marcus Moore,PG-SG,76,202,81,101.5,14.8,,,25,30,11.31,3.34,
Michel Morandais,SG-SF,75.75,205,83.5,102,8.6,,,30.5,33.5,11.45,3.22,16
Jameer Nelson,PG,71,199,74.5,95,8,,,28.5,33.5,10.95,3.14,15
Misan Nikagbatse,SG-PG,75.5,223,82,102,12.9,,,27.5,32.5,11.27,3.32,11
Emeka Okafor,C-PF,80.75,257,88,110.5,5.3,,,31.5,34,12.32,3.15,22
Randall Orr,PF-SF,81,193,82.5,107.5,6.7,,,26.5,33,11.18,3.27,6
Dylan Page,SF,79.5,239,79,105,12.3,,,26,30,10.99,3.4,17
Drago Pasalic,PF,81.25,231,83.5,108,12.9,,,25.5,30,12.97,3.56,8
Rickey Paulding,SG,74.75,210,81.5,101.5,5.3,,,30,36,11.14,3.17,17
Kelvin Pena,SG-PG,74.25,182,78.5,99.5,8.6,,,27.5,32.5,11.5,3.24,1
Tim Pickett,PG-SG,75,207,79.5,100.5,6,,,,,,,
Omar Quintero,PG,69.75,170,71.5,92.5,14.1,,,25,29,11.37,3.25,2
Peter Ramos,C,85.75,266,89.5,111.5,6.7,,,24,26.5,12.61,3.6,2
Jared Reiner,C-PF,82,246,84.5,109,12.9,,,22,26,12.65,3.56,15
Lawrence Roberts,PF,79.5,233,81.5,106.5,9.3,,,27.5,33,12.52,3.3,18
Bernard Robinson,SG-SF,77.25,208,82,102,6,,,28.5,34.5,10.91,3.17,14
Nate Robinson,PG,67.75,181,73,91.5,6.7,,,35.5,43.5,10.75,2.96,13
Aerick Sanders,PF,78.5,205,83.5,106,6.7,,,24.5,30.5,11.98,3.37,9
Romain Sato,SG,74,204,83,102.5,6,,,31.5,35.5,11.27,3.18,8
Blagota Sekulic,SF-PF,81.25,234,83,107,9.3,,,23.5,31.5,10.93,3.39,8
Josh Smith,SG-SF,79,221,84,106.5,6.7,,,32.5,39.5,11.43,3.24,12
J.R. Smith,SG-SF,77.5,227,82,104,6.7,,,29,35.5,10.93,3.21,5
Kirk Snyder,SG-SF,78,228,81,104,9.3,,,30,35,10.79,3.13,19
Pape Sow,PF-C,80.5,233,86,108.5,9.3,,,28,31.5,12.13,3.27,18
Tiago Splitter,C-PF,82.25,233,86,109.5,5.3,,,26,31.5,11.65,3.38,8
Blake Stepp,PG,,,,,8,,,,,,,
Tom Timmerrmans,PF-C,82.5,272,83,107.5,15.2,,,23,26.5,13.13,3.63,15
Marko Tomas,SG-PG,78.5,198,79,103.5,9.3,,,32,31.5,11.8,3.23,
Beno Udrih,PG,74.5,199,76.5,98,9.3,,,,,,,2
Jackson Vroman,PF-C,81.25,226,84,105.5,6.7,,,29.5,33.5,10.75,3.25,12
Delonte West,PG-SG,73.5,183,78,99.5,6.7,,,30,35,11.2,3.15,12
Damien Wilkins,SG-SF,76.5,222,84,106,7.3,,,26.5,31,11.92,3.15,15
Mike Williams,SF,77.5,197,83.5,105.5,9.3,,,23.5,27.5,11.59,3.42,
Nate Williams,PF-SF,80.5,240,85.5,109.5,12.4,,,23.5,26,12.6,3.35,1
Rashad Wright,PG,72.5,190,82,98.5,8,,,28.5,32.5,11.15,3.28,10
Alex Acker,SG,75.75,183,84,102.5,,,,28,32,11.67,3.35,11
Deji Akindele,C-PF,81.5,236.4,87,108.5,,,,30.5,32.5,12.58,3.35,13
Mustafa Al-Sayyad,PF-C,,,,,,,,26.5,30.5,11.56,3.42,
Nemanja Aleksandrov,PF-SF,82,220.6,83,110,,,,,,,,5
Alan Anderson,SG-SF,76.5,223.2,81.5,104,,,,26.5,30.5,10.32,3.27,10
Martynas Andriuskevicius,C-PF,85.25,227.8,83.25,112.5,,,,24,27.5,11.94,3.42,0
Sean Banks,SF,77.75,206.4,85,108,,,,25,31.5,11.74,3.35,7
Eddie Basden,SG-SF,76.25,210,82.25,101,,,,33,36.5,10.52,3.21,14
Mike Bell,SF-PF,80.75,206.2,85.5,104.5,,,,33.5,39.5,11.73,3.29,13
Andrew Bogut,C-PF,83,250.6,87,110.5,,,,27.5,33.5,12.06,3.51,13
Dee Brown,PG-SG,71,179,74,94,,,,,,,,
Will Bynum,PG-SG,70.5,188.8,75.5,93,,,,33,40.5,11.12,3,15
Marcus Campbell,C,82.25,280.4,90,114,,,,,,,,9
Will Conroy,PG,73,188.6,75,96.5,,,,30.5,36.5,10.51,3.28,14
Taylor Coppenrath,PF-SF,79.75,252.4,83.5,106.5,,,,24.5,27,11.51,3.44,5
Travis Diener,PG-SG,71.75,165.2,71.75,93.5,,,,24.5,31,10.85,3.26,1
Ike Diogu,PF,78.5,255.4,87.5,109,,,,28,31,11.94,3.45,21
Daryl Dorsey,PG,71.25,160.8,71.5,94,,,,25,30.5,11.41,3.24,0
Monta Ellis,SG-PG,74.25,176.6,74.75,98,,,,26.5,31.5,12.13,3.31,0
Raymond Felton,PG,71.5,199.4,76.25,98,,,,29,33.5,10.5,3.06,6
Rudy Fernandez,SG,76.75,172,79.5,101.5,,,,26.5,35.5,10.48,3.33,0
D'Or Fischer,C-PF,81.25,242.4,90,110.5,,,,28,30.5,12.53,3.5,2
Eddy Fobbs,C-PF,82.25,235.2,90.75,111.5,,,,29.5,34,11.53,3.28,12
Sharrod Ford,PF,79.25,212.8,85.5,106,,,,28.5,37,11.92,3.2,9
Channing Frye,PF-C,81.5,243.6,86.5,110.5,,,,27.5,31,11.6,3.38,19
Deng Gai,PF-C,79.75,214,88.5,110.5,,,,31.5,35.5,12.51,3.27,11
Francisco Garcia,SF-SG,77.75,189.6,82.75,103,,,,27.5,31.5,10.63,3.33,5
John Gilchrist,PG,73.25,195.2,81.25,96.5,,,,30.5,36.5,11.48,3.15,12
Marcin Gortat,PF-C,83,225.2,87.5,110,,,,29.5,36,11.48,3.33,18
Joey Graham,SF,77.25,216.6,80,104,,,,30,36,10.62,3.05,26
Danny Granger,,79.5,225.4,85.5,103,,,,31,34,10.84,3.34,10
Gerald Green,SF,78,192,81.75,104,,,,31.5,39,11.2,3.21,7
Charles Hayes,SF-PF,77.5,232.4,82,104.5,,,,30,33,10.7,3.34,20
Luther Head,PG-SG,74,178.8,77.25,98.5,,,,31.5,38.5,11.12,3.21,14
Julius Hodge,SG-SF,78,202.2,84.5,107.5,,,,24.5,29,10.89,3.18,14
Jared Homan,C-PF,79.75,248.2,85.25,104.5,,,,,,,,16
Ersan Ilyasova,SF,79.75,208.8,85.25,109.5,,,,22,30,11.59,3.56,2
Jarrett Jack,PG,74.5,197.6,79.5,100,,,,26,28.5,10.87,3.24,5
Dwayne Jones,C-PF,80.5,242.2,86.75,108.5,,,,28,31.5,11.87,3.25,15
Mindaugas Katelynas,SF-PF,79.5,217,83,105.5,,,,31.5,35,11.6,3.38,7
Jason Klotz,C-PF,80.5,249.4,82,107.5,,,,21.5,27,13.13,3.68,12
Carl Krauser,PG-SG,71.5,193.4,77.5,98.5,,,,26,31,11.62,3.38,8
Keith Langford,SG-SF,74.25,203.2,81,101,,,,32,29.5,11.38,3.23,8
David Lee,PF,79.75,229.5,84,106.5,,,,30.5,32.5,10.8,3.19,14
David Lucas,PF,78.5,233.4,84,103.5,,,,,,,,17
John Lucas III,PG,69.25,154.4,72,92,,,,29,34,10.44,3.14,4
Rawle Marshall,SG-SF,76.5,186.6,85,104,,,,30.5,37,11.64,3.21,7
Jason Maxiell,PF,77,257.6,87.25,107,,,,,,,,
Sean May,PF,79,258.8,85.25,105,,,,30,33,11.04,3.29,12
Rashad McCants,SG,74.75,201,82.75,103.5,,,,32.5,34.5,10.39,3.11,15
Ivan McFarlin,PF,77.5,228.6,81,105.5,,,,26.5,32,10.64,3.27,10
Juan Mendez,PF-SF,77.25,231.4,84,106.5,,,,29,33,11.7,3.24,14
Aaron Miles,PG,72,174.6,75.5,94,,,,32,37.5,10.69,3.22,7
Ellis Myles,PF,78,255.2,81.75,105.5,,,,26,28.5,12.8,3.42,15
Larry O'Bannon,SG,75,196,78,99.5,,,,31.5,36.5,11.44,3.18,17
Drago Pasalic,SF-PF,81.5,238.8,83.75,108.5,,,,25,30.5,12.12,3.48,11
Chris Paul,PG,71.75,178,76.25,93,,,,32,38,11.09,3.22,10
Kevin Pittsnogle,PF,81.25,259.2,82.5,106,,,,,,,,
Carlos Powell,SF-PF,77.25,221.8,82.75,105,,,,27.5,34.5,11.54,3.21,12
Roger Powell,SF,76.75,218.6,83.5,104,,,,,,,,
Ronnie Price,PG,72.75,184.8,77.5,96.5,,,,31.5,39,10.49,3.29,11
Anthony Roberson,PG,72.75,178.8,74.75,95,,,,31.5,37,11.17,3.19,14
Brandon Rush,SG-SF,77,211.4,83.25,104.5,,,,32.5,35,11.33,3.31,0
Luke Schenscher,C,83.75,241.6,89,111.5,,,,23.5,26.5,12.4,3.47,1
Wayne Simien,PF,79.25,255.8,84,107,,,,27,27.5,11.05,3.35,11
Tre Simmons,SG-SF,76,194.2,79.5,102.5,,,,27,31.5,10.8,3.18,3
David Simon,C-PF,80,258.8,87.5,108,,,,28,33,11.98,3.44,18
Chris Taft,PF,80.5,261,85.75,109,,,,28.5,33,11.26,3.27,14
Chris Thomas,PG,71.75,176.2,75,95,,,,28.5,34,10.84,3.33,14
Omar Thomas,SF-SG,75.25,200,80,102,,,,25,29.5,11.11,3.27,6
Dijon Thompson,SF-SG,78.25,195.8,81.75,105.5,,,,,,,,
Ronny Turiaf,PF,80,237.8,85.5,106.5,,,,30.5,33,11.5,3.23,15
Charlie Villanueva,PF-SF,81,236.6,84.25,109,,,,26,31,10.86,3.3,11
Hakim Warrick,PF-SF,79.25,215,86,108,,,,33,38,,3.22,11
Martell Webster,SF,78,229.6,83,106,,,,28,30.5,11.39,3.39,7
Robert Whaley,PF-C,80,269.4,86,108,,,,28.5,33.5,12.11,3.25,15
Marvin Williams,PF-SF,79,228.2,87.5,108,,,,29.5,35,11.11,3.17,12
Deron Williams,PG,73.75,202.4,78.25,98,,,,30,35,10.83,3.25,15
Jawad Williams,SF,79,218,85.25,106.5,,,,28,34,11.39,3.23,15
Antoine Wright,SF-SG,77.25,202.6,80.75,104.5,,,,26.5,29.5,11.45,3.41,12
Bracey Wright,SG-PG,73.25,186.8,82,100.5,,,,30,36,11.58,3.27,8
Mohamed Abukar,SF,80,210,81,103,8.9,,,30.5,35,11.78,3.37,15
Mario Boggan,PF,77,240,86,107,9.2,,,24,26.5,12.18,3.45,12
Craig Bradshaw,PF,80,240,85.5,106.5,12.1,,,26,28,11.88,3.54,12
Corey Brewer,SF-SG,78,185,80.25,103,4.2,,,30.5,36.5,11.69,3.22,11
Aaron Brooks,PG,70,161,76,94,2.7,,,32.5,39.5,10.57,3.2,6
Bobby Brown,PG,71,170,76,95.5,6.6,,,32.5,41,11.27,3.25,3
Russell Carter,SG,75,221,80.5,97.5,6,,,33,38.5,11.61,3.29,25
Coleman Collins,PF,80,236,86,107,6.2,,,30,35,11.47,,21
Mike Conley,PG,71,175,77.75,94.5,4.2,,,35.5,40.5,11.63,3.09,13
Daequan Cook,SG,75,203,80.25,101.5,7,,,30,34.5,11.12,3.22,4
Ryvon Covile,C-PF,79,250,85.25,107.5,8,,,25,30.5,12.52,3.37,19
Javaris Crittenton,PG,75,194,77.5,98,4.5,,,32.5,38,11.6,3.32,11
Jermareo Davidson,PF,81,230,88,109.5,6.9,,,27,30,12.63,3.53,7
Justin Doellman,PF,80,205,80.75,105,7,,,,,,,19
Zabian Dowdell,PG,73,191,82,100,5.1,,,30,33.5,11.13,3.29,3
Jared Dudley,SF,77,219,79,102,7.1,,,28,32,11.32,3.45,14
Kevin Durant,SF-PF,81,215,88.75,110,6.6,,,26,33.5,12.33,3.45,0
Rashaun Freeman,PF,78,244,83.5,104,11.5,,,28,32,11.43,3.41,20
Aaron Gray,C,84,271,87.25,108.5,10.8,,,27,32.5,12.07,3.7,17
Caleb Green,PF,78,238,83.75,103,10.9,,,28.5,36,11.72,3.46,9
Jeff Green,SF,79,228,85.25,103,3.7,,,33.5,38,12,3.34,17
Taurean Green,PG,71,173,74.25,96,4.6,,,29,32.5,11.3,3.26,8
Spencer Hawes,PF,82,244,84.5,110,13,,,26,29,11.88,3.51,9
Brandon Heath,PG,74,181,79,94,9,,,32,36,11.39,3.28,11
Herbert Hill,C,79,232,86.25,108.5,5.6,,,30.5,34,12.31,3.39,15
Al Horford,PF,80,246,84.75,107,9.1,,,31,35.5,12.15,3.37,20
Quinton Hosley,SF-SG,77,215,83.25,105,5.7,,,28.5,34,12.47,3.32,12
James Hughes,C,81,209,87,111,3.5,,,31,33,13.31,3.37,8
Jeremy Hunt,SG,74,198,80.25,101.5,5.2,,,30.5,33,12.11,3.29,10
Ekene Ibekwe,PF,80,208,90,104,3.2,,,34.5,39,11,3.28,10
Dominic James,PG,70,175,74,93,4.8,,,33.5,38.5,10.94,3.11,14
Trey Johnson,SG,75,216,77,98,5.4,,,26.5,35,11.78,3.31,18
Rashad Jones-Jennings,PF,78,235,84,105.5,5.9,,,25,30,12.18,3.29,20
Jared Jordan,PG,72,183,72,94,7,,,24.5,28.5,11.02,3.39,6
Coby Karl,SG-PG,75,204,83,99.5,5.4,,,32,34.5,11.57,3.41,9
Antanas Kavaliauskas,PF,81,237,82.5,106.5,7.7,,,25.5,30,11.19,3.42,19
Carl Landry,PF,79,248,83,102.5,7.5,,,31.5,36.5,11.35,3.29,21
Stephane Lasme,PF,77,213,86,107,4.9,,,29.5,36,11.73,3.22,17
Acie Law,PG,74,186,78.5,98,5.6,,,29,34,11,3.22,8
Marko Lekic,C,81,267,85,108.5,11.4,,,24,30.5,11.96,3.43,19
Ron Lewis,SG,74,194,78.5,99,4.5,,,33,38,11.59,3.22,16
Cartier Martin,SF,76,218,82,103.5,5.6,,,27,29.5,12.1,3.43,11
Dominic McGuire,SF,79,220,82.5,104,4.7,,,28.5,34.5,10.95,3.25,12
Josh McRoberts,PF,80,240,85,106.5,13.7,,,27.5,31.5,11.7,3.47,12
Sammy Mejia,SG,77,218,83,105,8.3,,,27,31.5,11.87,3.49,7
Brad Newley,SG,77,201,80,102.5,8,,,29.5,31.5,11.77,3.29,3
Demetris Nichols,SF,78,211,84.25,105,6.2,,,28.5,32.5,10.39,3.38,16
Joakim Noah,PF,82,223,85.25,106.5,4.8,,,32.5,37.5,11.79,3.47,12
Greg Oden,C,83,257,88.25,112,7.8,,,32,34,11.67,3.27,
Ivan Radenovic,PF,81,226,83.75,106,9.8,,,23,28,11.61,3.6,7
JR Reynolds,PG,72,188,75.25,95,8.2,,,27.5,34.5,11.69,3.24,15
Chris Richard,PF,79,252,88.5,110.5,7.5,,,26.5,30.5,11.39,3.29,15
Dustin Salisbery,SG,75,208,80,100.5,6.6,,,34,38,11.07,3.12,11
Blake Schilb,SG,77,214,81,102.5,10,,,26.5,33.5,11.63,3.36,11
Renaldas Seibutis,SG,76,185,80.75,101,6.1,,,24,32.5,11.33,3.39,1
Ramon Sessions,PG,74,185,76.25,97.5,6.2,,,29.5,33.5,11.65,3.27,8
Mustafa Shakur,PG,75,185,77.5,99,4.1,,,28.5,35,11.82,3.27,11
Jason Smith,PF,82.75,233,82.75,106,7.5,,,33.5,37.5,10.96,3.29,15
DJ Strawberry,SG,75.75,199,78.5,101,4.5,,,28.5,35,10.87,3.14,21
Rodney Stuckey,SG-PG,75.75,207,79.25,100.5,6.1,,,30.5,35,11.34,3.11,14
Curtis Sumpter,SF,78,227,81.5,104,5.3,,,27.5,32.5,11.3,3.22,12
Yue Sun,SF,79.75,212,81,105,5.1,,,29,34,10.68,3.45,9
Jamaal Tatum,PG,71.5,168,74.5,93.5,5,,,28.5,33,11.51,3.22,7
Reyshawn Terry,SF,78.75,222,82,103.5,8.9,,,31,37.5,11.76,3.26,18
Al Thornton,SF,77.75,221,85,104,5.8,,,35,41,11.96,3.16,9
Anthony Tolliver,PF,79,242,86.5,107.5,5.7,,,28.5,30,11.49,3.29,21
Ali Traore,C-PF,80.75,249,88,108.5,12.1,,,25,29,12.16,3.52,11
Kyle Visser,C,82,242,83,108,10.2,,,26,29,12.6,3.39,18
Darryl Watkins,C,80.75,241,87,110,6.9,,,26.5,31,11.65,3.56,14
Major Wingate,C,80.5,242,88,109,6.7,,,27.5,30.5,12.14,3.47,15
DaShaun Wood,PG,70.75,167,72.75,92,5.4,,,31.5,34.5,11.4,3.23,13
Julian Wright,SF-PF,78.5,211,86.25,108,6.1,,,28.5,33.5,11.48,3.36,2
Brandan Wright,PF,80.75,200,87.75,108.5,5.8,,,30.5,35.5,11.76,3.31,2
Avis Wyatt,PF,80.75,212,85,107,3.3,,,27.5,32,11.46,3.23,12
Jianlian Yi,,,,,,,,,,,,,
Nick Young,SG-SF,77,206,84,100.5,6.8,,,39.5,40.5,11,3.25,6
Thaddeus Young,SF,77.75,210,83.5,106,4.9,,,34.5,37,11.06,3.19,13
Joe Alexander,SF-PF,79.25,220,83.5,106,5.8,,,32.5,38.5,11.33,2.99,24
Darrell Arthur,PF,79.5,216,82.75,107,7.3,,,28.5,30,12.18,3.14,12
D.J. Augustin,PG,70,171.5,75.5,94.5,8.1,,,28.5,35,11.27,3.07,2
Jerryd Bayless,PG-SG,73.75,204,75.5,97,4.7,,,31,38,11.26,3.07,10
Michael Beasley,PF-SF,79,239,84.25,107,7.7,,,30,35,11.06,3.24,19
Ramel Bradley,PG-SG,73.25,184,77,98,5.7,,,24.5,29.5,10.68,3.24,9
Tyrone Brazelton,PG,70,166,73.75,94,8.1,,,30,34,11.59,3.25,8
Takais Brown,PF,79.25,252,82,106,9.2,,,29,31,12.47,3.25,22
Keith Brumbaugh,SF-PF,79.5,190,79.25,104.5,4,,,26,27,11.65,3.28,2
Stanley Burrell,PG,73.5,201,78.25,97.5,5.6,,,29.5,34.5,11.19,3.19,21
Brian Butch,C-PF,81.5,229.6,83.25,108,10.8,,,24,26.5,11.87,3.52,9
Jamar Butler,PG,72.25,182,76.75,97,6,,,,,,,15
Pat Calathes,SF-PF,80.75,204,81.75,106,7.3,,,,,,,7
Joe Crawford,SG,75,213,77.75,99.5,7.6,,,31,36,11.67,3.22,13
Chris Daniels,C-PF,80.25,256,84.5,109,16.1,,,26,28.5,12.72,3.56,11
Joey Dorsey,PF-C,78.25,265,85.75,107,9,,,27.5,33,11.84,3.2,19
Marcus Dove,SF-PF,78.75,208,83.5,105,5.3,,,27.5,33.5,11.59,3.26,10
Josh Duncan,PF,80,230,83.5,104.5,5.4,,,28,32,12.47,3.26,26
Frank Elegar,PF,79.25,210,87.25,106,4.5,,,33.5,37.5,11.86,3.17,11
Patrick Ewing Jr.,SF-PF,78,224,84.25,97.5,9.4,,,35,42,11.77,3.43,2
Gary Forbes,SG,76.5,220.5,83.25,104.5,6.5,,,27.5,33.5,11.45,3.25,13
Shan Foster,SG,76,194.5,83.5,103.5,6.3,,,30,33,12.3,3.24,10
J.R. Giddens,SG,76,208,83.25,103,5.4,,,,,,,10
James Gist,PF,79,220,88,107.5,4.8,,,30.5,35,11.37,3.14,5
Vladimir Golubovic,C,83.25,258,86.5,111.5,6.9,,,21.5,27,12.4,3.33,15
Eric Gordon,SG,74,222,81,99,8.2,,,32,40,10.81,3.01,15
Kentrell Gransberry,C,78.75,290,82.25,106,17.4,,,24.5,27.5,12.16,3.32,18
Donte Greene,SF-PF,80.25,221,82,108,7.6,,,27.5,31.5,11.21,3.2,2
Malik Hairston,SG,76.25,204,81,103.5,6.9,,,30.5,38,11.33,3.08,13
DeVon Hardin,C-PF,81.5,235,87,109.5,5.8,,,29.5,32,11.49,3.33,20
Richard Hendrix,PF,78.75,250,87,108,9.2,,,26.5,28,10.62,3.27,13
George Hill,PG,73.25,181,81,97.5,3,,,34,37.5,12.2,3.07,9
Kyle Hines,SF-PF,75.75,234,85.25,104.5,3.6,,,28.5,33,12.17,3.4,16
Jiri Hubalek,C-PF,81.5,226,82.75,109,8.8,,,20.5,26,12.26,3.54,2
Lester Hudson,PG,71.75,196,80.75,98.5,3.4,,,30.5,36,11.15,3.16,12
Othello Hunter,PF-SF,78.5,220,87,109.5,6.4,,,28,34.5,11.51,3.18,7
Darnell Jackson,PF,79,240.5,83.25,106.5,12.5,,,27,31,11.75,3.26,11
Shawn James,PF,79.75,217,89,111,9.2,,,,,,,6
Davon Jefferson,SF,77.25,213,81.5,105,12,,,27,32,12.02,3.36,2
Joseph Jones,PF,79,240,84.25,107,12.2,,,25.5,31,11.61,3.33,16
DeAndre Jordan,C,81.75,250,90,113.5,7.5,,,26,30.5,12.3,3.27,8
Sasha Kaun,C-PF,81,247,88,110,9.6,,,29,32,12.06,3.2,13
Marcelus Kemp,SG,75,221,80.5,103.5,9,,,26,30,11.79,3.39,9
Maarty Leunen,SF,79.25,222,80,102.5,8.9,,,29.5,34.5,11.57,3.36,14
Longar Longar,C,81,212.5,85.25,109.5,10.6,,,,,,,14
Brook Lopez,C,83.25,258,89.5,113,6.3,,,27.5,30.5,12.77,3.57,7
Kevin Love,PF,79.75,255,83.25,106,12.9,,,29.5,35,11.17,3.22,18
Aleks Maric,C,81.75,273,85,109.5,10.1,,,23,28,11.76,3.35,15
O.J. Mayo,SG-PG,75.25,200,78,99.5,6.3,,,30.5,41,11.04,3.14,7
James Mays,PF,78.75,227,85.75,105,8.8,,,29.5,35,11.23,3.19,13
Luc Mbah a Moute,SF,77.75,221,86.5,103.5,7,,,32,38.5,11.71,3.17,11
JaVale McGee,C-PF,83,241,90,114.5,5.3,,,27,32.5,12.75,3.25,7
Drew Neitzel,PG,71.75,175.5,74.5,95,6.2,,,25.5,32,11.19,3.2,10
DeMarcus Nelson,PG-SG,73,198,82,98.5,4.5,,,34.5,38.5,10.54,3.13,19
David Padgett,C-PF,82.25,239.5,85,109.5,9,,,24,28,12.45,3.45,17
Jeremy Pargo,PG,72.5,208,77,96,7.6,,,32,37,10.65,3.07,7
Trent Plaisted,PF,81.25,240,82.5,105.5,11,,,30.5,35.5,11.32,3.17,14
Quan Prowell,SF-PF,78.75,225.5,82.5,103.5,6.5,,,32,36,11.79,3.14,16
Shaun Pruitt,C-PF,80.25,242.2,85,107.5,13.8,,,27,32.5,11.3,3.4,10
Anthony Randolph,PF-SF,81,197,87,109,4.7,,,29,35,11.86,3.26,7
Charles Rhodes,PF,79.25,244,83.25,107.5,10.7,,,26.5,33.5,11.51,3.13,14
John Riek,C,82.5,237,92.75,,11,,,,,,,
Brian Roberts,PG,72.25,173,73.25,95,3.6,,,31.5,36.5,10.65,3.05,10
Russell Robinson,PG,72.5,196,80,100.5,7.4,,,25,31.5,11.3,3.15,8
Richard Roby,SG-SF,76.25,203,81.75,104,9.2,,,,,,,
Derrick Rose,PG,73.5,196,80,98.5,4.6,,,34.5,40,11.69,3.05,10
Sean Singletary,PG,71,183.8,76.5,95,4.2,,,26,,,,18
Ronald Steele,PG,72.25,183.5,76.25,97.5,8.1,,,25,29.5,11.08,3.26,5
Mike Taylor,SG-PG,72.75,166.2,79.25,98,3.8,,,31,39,10.98,3.08,2
Bryce Taylor,SG,74.75,210,81,99.5,8.3,,,34.5,41,11.08,3.19,16
Mark Tyndale,SG-SF,74.75,217,83,103.5,6.7,,,27,33.5,12.52,3.14,5
Robert Vaden,SG,75.5,199,80,101,6.2,,,26,29.5,11.97,3.4,10
Deron Washington,SF,77.25,198.5,81,102.5,7.2,,,34,40,11.03,3.09,7
Sonny Weems,SG-SF,76,193,82,104,4.4,,,29,36.5,10.58,2.96,12
Russell Westbrook,PG,74.25,192,79.75,100,4.8,,,30,36.5,10.98,3.08,12
Reggie Williams,SG,75.25,199,81.25,103,5.3,,,31.5,36.5,11.32,3.07,15
Jeff Adrien,PF,77.25,236.2,86,107.5,7.9,,,27.5,31.5,11.34,3.32,16
Jeff Ayres,PF,80.75,239.6,85,107,5.5,,,31,35,11.98,3.14,15
Rodrigue Beaubois,PG,73.25,182.4,81.75,100,7.9,,,29.5,39,10.49,3.15,3
DeJuan Blair,PF,77.25,276.6,86,106.5,12,,,26,33,11.5,3.45,18
Derrick Brown,SF-PF,79.5,224.6,86.5,107.5,8.6,,,30.5,35.5,11.26,3.13,20
Chase Budinger,SF-SG,78.25,206.4,79,101,10,,,29.5,38.5,11.08,3.24,10
DeMarre Carroll,PF-SF,78.25,207.2,82,105,6.3,,,,,,,
Omri Casspi,SF,79.75,211.2,81.25,106.5,8.6,,,25.5,32.5,11.15,3.28,2
Dionte Christmas,SG,76.25,210.8,81,102.5,7.1,,,27,33.5,10.83,3.21,3
Earl Clark,SF-PF,80.5,228.4,86.5,109.5,5.2,,,28.5,33,11.17,3.35,5
Darren Collison,PG,72.25,166.2,75,96.5,5.7,,,30.5,33.5,10.45,3.1,9
Dante Cunningham,PF,79,227.4,83,106.5,4.8,,,28,35,11.18,3.26,18
Stephen Curry,PG-SG,74,181,75.5,97,5.7,,,29.5,35.5,11.07,3.28,10
Austin Daye,SF-PF,81.75,191.8,86.75,110,5.5,,,25,28,12.11,3.55,0
DeMar DeRozan,SG-SF,77.5,211.2,81,102.5,4.9,,,29,38.5,11.88,3.31,5
Toney Douglas,PG,73,183.4,78,97.5,5.2,,,28,32.5,10.63,3.03,15
Wayne Ellington,SG,76.25,202.4,78.5,100,5.5,,,31.5,38,11.14,3.2,13
Tyreke Evans,PG-SG,76,220.6,83.25,104,7.1,,,28.5,34,11.81,3.17,7
Jonny Flynn,PG,71.25,195.6,76,95.5,6.3,,,33,40,10.86,3.23,10
Taj Gibson,PF,80.5,214.4,88,109,6.6,,,25.5,30,11.56,3.41,12
Danny Green,SG-SF,77.25,208,82,103,5.6,,,29,33,11.3,3.3,15
Blake Griffin,PF,80.5,248.4,83.25,105,8.2,,,32,35.5,10.95,3.28,22
Tyler Hansbrough,PF,80.25,234.2,83.5,106,8.5,,,27.5,34,11.12,3.27,18
James Harden,SG,76,222,82.75,103.5,10.1,,,31.5,37,11.1,3.13,17
Gerald Henderson,SG-SF,76,214.6,82.25,102.5,4.4,,,31.5,35,11.17,3.14,8
Josh Heytvelt,PF-C,82,246.2,85.25,108,10.8,,,28.5,34,11.67,3.38,15
Jordan Hill,PF-C,81.25,232.4,85.5,108,6,,,31,35,12.23,3.3,11
Jrue Holiday,PG-SG,75.25,199,79,100.5,6.3,,,28.5,34,10.64,3.21,6
Joe Ingles,SF,79.75,209.2,82.25,105,10.1,,,26,31,10.66,3.3,3
James Johnson,SF-PF,79,257.2,84.75,105.5,12,,,30.5,35,11.21,3.23,18
Ty Lawson,PG,71.25,196.6,72.75,94.5,6.6,,,29,36.5,10.98,3.12,14
Eric Maynor,PG,74.25,163.6,74.5,97,5.4,,,28.5,31.5,10.78,3.19,8
Jack McClinton,SG-PG,71.75,185.2,74.5,96,6.2,,,30,36.5,10.44,3.21,13
Jerel McNeal,SG,73.5,190.4,79.25,99.5,5.4,,,31.5,36.5,10.61,3.25,10
Jodie Meeks,SG,75,211.4,76.5,98,8,,,28.5,37,10.96,3.1,14
Patty Mills,PG,71.25,175.4,74,95,6.9,,,27.5,33,10.87,3.1,8
Byron Mullens,C,83.75,258.2,85.5,111,8.5,,,28.5,32.5,11.1,3.45,10
A.J. Price,PG,72.5,192.8,75.75,97,12.4,,,26,31,10.99,3.22,11
Tyler Smith,SF,77.25,212,81.75,104.5,7,,,29,33.5,10.69,3.24,10
DaJuan Summers,SF,79.25,243,84.75,106.5,6.6,,,29.5,34.5,10.94,3.17,15
Jermaine Taylor,SG,75.5,207.4,80.75,101,5.8,,,34,37.5,11.54,3.32,16
Jeff Teague,PG,72.25,175.2,79.5,98.5,4.5,,,30.5,36.5,11.05,3.18,13
Hasheem Thabeet,C,85.25,267.2,90.25,113,6.7,,,,,,,
Marcus Thornton,SG,74.75,194.4,77,99,4.8,,,31,33,10.73,3.28,14
Terrence Williams,SG-SF,77,213.2,81,103.5,5.1,,,30.5,37,11.15,3.18,9
Sam Young,SF-SG,77.25,222.8,82.75,105.5,4.9,,,27.5,33,11.47,3.45,
Solomon Alabi,C,83.5,237.4,89,113,5,9.25,9.25,22.5,26,13.2,3.68,10
Cole Aldrich,C,81,236,88.75,111.5,8.5,9,9.25,23,28,11.48,3.35,10
Al-Farouq Aminu,SF,79.25,216,87.25,108.5,8.2,9.5,9.5,27,33.5,11.29,3.3,13
James Anderson,SF,76.75,207.6,80.5,104,7.9,8.5,7.25,30,35.5,11.86,3.19,14
Luke Babbitt,SF-PF,79.5,217.8,83.25,104.5,5.6,8.5,10,29.5,37.5,10.98,3.4,15
Eric Bledsoe,PG,72.25,191.6,79.5,98,5.6,8.5,9.75,,,,,9
Trevor Booker,PF,78.25,235.8,81.75,106,7.3,9,9.5,31,36,11.15,3.1,22
Craig Brackins,PF-SF,80.5,229,84,109,7.9,9.5,11.25,26,35,11.65,3.39,6
Avery Bradley,SG-PG,74,180.4,79.25,98.5,4,8.25,9.5,31.5,37.5,11.47,3.14,2
Derrick Caracter,PF,80.25,280,84.25,107.5,12.8,9,10.25,25,30.5,12.78,3.61,22
Sherron Collins,PG,70.25,217.2,74.5,94,9.2,8.5,9.5,27.5,33,12.31,3.24,
DeMarcus Cousins,C,81.5,291.8,89.75,113,16.4,9.25,10,23.5,27.5,11.4,3.55,
Jordan Crawford,SG,75,198.4,79,101,4.9,8,9,31.5,34.5,11.03,3.37,7
Ed Davis,PF,81,226.6,84,108,10,9.25,10,31,36,11.7,3.21,
Devin Ebanks,SF,79,207.8,84.25,107.5,7.9,8.25,9,23.5,32,11.69,3.44,6
Derrick Favors,PF,80.75,245.2,88,110,6.5,8.75,9.25,31.5,35.5,11.74,3.25,14
Keith Gallon,PF-C,80.5,301.8,88.5,109.5,15.1,9.25,10.5,23.5,28.5,13.44,3.7,14
Charles Garcia,SF,80.25,231.6,85.75,107.5,7,8.75,9,24.5,30.5,11.65,3.23,2
Paul George,SF,79.75,214.4,83.25,107,5,8.5,9,,,,,4
Luke Harangody,PF,78,240.2,81.5,106,11.1,8.75,9.75,24,28.5,11.83,3.41,23
Manny Harris,SG,76,185.1,79.25,102,3.8,8.5,9,,,,,11
Lazar Hayward,SG-SF,76.5,225.8,84.75,102,7.5,9.25,9.5,31,36,10.87,3.31,15
Gordon Hayward,SF,78.75,211,79.75,103,6.9,8.5,9.25,30.5,34.5,11.73,3.22,10
Xavier Henry,SG,77.25,210.2,83.25,105,4.7,8.75,10,28.5,36.5,11.1,3.18,8
Darington Hobson,SG-SF,77.25,203.6,81.25,104.5,6.2,8.25,9,29,34,11.68,3.25,
Damion James,SF,78.25,226.6,84.75,107,9.6,9.25,8.5,29,33,10.89,3.2,13
Wesley Johnson,SF,78.25,206.4,85,106,4.6,9,9.5,32,37,11.43,3.14,16
Armon Johnson,PG-SG,74,195.2,80,99.5,5.6,8.25,9.25,31.5,38.5,11.25,3.19,18
Dominique Jones,SG,75.25,216,81.25,101,5.9,9,10.25,26,32.5,10.88,3.31,19
Jerome Jordan,C,83.5,244.2,89.25,113,6.9,9,10.25,,,,,
Sylven Landesberg,SG,76.75,210,81,100.5,11.6,8.75,10.75,28,32,11.59,3.36,8
Gani Lawal,PF,79.5,233.4,84,107.5,6.3,8.5,10,27,31.5,11.61,3.24,20
Greg Monroe,PF-C,81.75,246.6,86.25,108.5,11.2,8.75,9.5,25,29,12.1,3.35,15
Daniel Orton,C,80.75,269.2,88.25,110.5,13.8,8.5,9.75,24,30.5,12.32,3.39,13
Artsiom Parakhouski,C,82.25,268.2,85,109.5,6,9,10.5,25.5,26.5,12.07,3.33,16
Patrick Patterson,PF,80,239.6,85.25,107,5.3,9.25,10.25,28.5,33.5,11.14,3.25,17
Dexter Pittman,PF-C,81.5,302.6,90,111,20.8,10.25,10.5,,,,,
Andy Rautins,SG,76.25,191.6,79,100,6.2,8,9.75,23.5,30.5,11.27,3.49,8
Ryan Richards,PF,82.5,230.2,85.5,110,8,9,9.75,25,28.5,11.33,3.37,4
Stanley Robinson,SF,78.5,213.2,84,107.5,8.3,9,9,,37.5,11.65,3.23,6
Larry Sanders,PF-C,81.25,222.4,89.75,112,4.6,9.75,11,25.5,28,12.49,3.27,7
Jon Scheyer,PG-SG,76.75,180,75.25,99,5.4,7.75,9.5,,,,,
Lance Stephenson,SG,76.5,227,82.5,103,9.3,9,10.25,27,33,11.39,3.38,10
Mikhail Torrance,PG,76,208.8,79.5,103,7,8.75,9.5,23,32,11.43,3.17,8
Evan Turner,SG,77.75,213.8,80,103.5,8.6,8.75,9.5,27.5,34.5,11.06,3.27,9
Ekpe Udoh,PF,80.75,237.4,88.5,106.5,8,9.5,8.75,31,33.5,11.15,3.29,10
Jarvis Varnado,PF-C,80.25,210.2,87.5,109.5,9.5,9.25,9.5,29.5,32.5,11.61,3.37,3
Greivis Vasquez,PG-SG,77,210.8,79,101,8.6,7.75,9.25,,,,,
John Wall,PG,74.75,195.6,81.25,101.5,5.6,8.25,9.5,30,39,10.84,3.14,
Willie Warren,SG-PG,74.5,208.4,78,99.5,7.6,8.5,9.5,23,31.5,11.21,3.5,10
Terrico White,SG-PG,75.75,202.6,81,101,3.7,9,10.5,31,40,11.38,3.15,10
Hassan Whiteside,C-PF,82.5,226.6,91,113,5.5,8.25,10.25,27,31.5,11.83,3.54,12
Keith Benson,C-PF,82,217,87.75,109.5,6.1,9.5,11,31.5,36,11.88,3.35,12
Marshon Brooks,SG,76.25,194.6,85,101,5.2,9,10.5,34,38.5,10.74,3.09,5
Alec Burks,SG,77,192.6,82,103.5,5.1,9,8.25,29,36,10.96,3.17,5
Jimmy Butler,SF,78,222.2,79.5,101.5,5.4,9,9,32,39,11.12,3.15,14
Norris Cole,PG,72.25,174.4,74.25,95.5,4.7,8.5,9.5,29.5,38.5,10.07,3.22,11
Jon Diebler,SG,77.25,196.6,78,99,8.5,8.25,8.25,28,35,10.94,3.37,2
Michael Dunigan,PF-C,80.5,237.6,87.25,107.5,8,9,10.75,29.5,34.5,11.85,3.27,10
LaceDarius Dunn,SG,75,187.8,78.25,101,5.5,9,10.25,26.5,31,11.45,3.27,3
Kenneth Faried,PF,78,224.6,84,108,6.3,8.5,10.25,30.5,35,11.35,3.26,16
James Fredette,PG,72.75,196,76.5,96.5,7.7,8,8.5,28,33,10.42,3.21,14
Andrew Goudelock,PG,73.25,197.6,76.25,96.5,9.9,8.25,9.25,32.5,37,10.33,3.1,4
Jordan Hamilton,SF,78.75,228.4,81.5,104,9.8,9,9.25,25,32,11.47,3.3,7
Justin Harper,PF-SF,80,228,83.75,106,4,9,9.25,28.5,33,11.92,3.3,19
Tobias Harris,SF-PF,78.5,222.8,83,103.5,8.4,8.75,9,31.5,37.5,10.96,3.17,12
Tyler Honeycutt,SF,78.75,186.8,81,105,5.3,8.5,9.5,30,37,11.68,3.07,
Scotty Hopson,SG,77.75,204.6,82.5,103.5,4.8,8.5,10,32.5,36,10.47,3.18,10
Kyrie Irving,PG,73.75,191,76,99,10.2,8.25,9.25,,,,,
Rick Jackson,PF,80.25,241.8,86,106.5,8.3,8.75,9.5,28.5,33,11.51,3.26,9
Charles Jenkins,PG-SG,73.5,216.4,79.5,96.5,4.3,8.5,9,29.5,34,11.68,3.18,16
JaJuan Johnson,PF,81,219.8,86,107.5,7.5,9,10,33.5,38,11.21,3.14,15
Cory Joseph,PG,74,186.2,77.5,99,9.7,8.5,10.5,27.5,35,10.75,3.27,5
Enes Kanter,PF-C,81.75,259.2,85.5,109.5,5.9,9.5,10.75,26,32.5,11.3,3.26,14
Brandon Knight,PG,73.5,176.8,78.75,98.5,4.2,8.25,9.5,29,37.5,10.74,3.07,10
Malcolm Lee,SG,76,198.2,81.75,101.5,5.9,8.5,9.5,30,35.5,11.2,3.09,17
Kawhi Leonard,SF,78,227.4,87,106,5.4,9.75,11.25,25.5,32,11.45,3.15,3
Travis Leslie,SG,75,205,82.5,103,8.1,8.75,9.25,33,40.5,11,3.13,10
Jon Leuer,PF,82,223.2,84,105.5,5.4,8.75,9.75,29.5,36.5,10.82,3.36,14
DeAndre Liggins,SF-SG,77,202.2,83,103.5,5,8.75,10,27,31,,3.33,6
David Lighty,SG,76.75,216.2,80,101,6.5,9,10,28.5,33,10.81,3.25,15
Shelvin Mack,PG,73,209,79.5,96.5,7.1,8.25,9.25,32,39,11.23,3.18,17
Demetri McCamey,PG,73.75,204,78.25,99.5,6.1,8.5,9,27,33,11.55,3.19,
E'Twaun Moore,SG,74.5,191.4,81.5,99.5,7.6,9,10,32,34.5,11.12,3.31,
Marcus Morris,PF-SF,79,229.6,82,105.5,8,8.25,8.5,29,33,,3.15,11
Markieff Morris,PF,79.75,240.8,82.75,106.5,10.2,8.5,8.25,27,31.5,,3.4,11
Darius Morris,PG-SG,75.25,190,79.5,102,5.3,8.75,10,24.5,32,11,3.2,12
Chandler Parsons,SF,80.75,221.2,81.5,104.5,7,8.25,10,25.5,31.5,11.05,3.29,4
Jereme Richmond,SF,78,207.2,82.25,106.5,5.5,8.75,9.5,27,33.5,11.74,3.02,0
Josh Selby,SG-PG,73.75,194.6,77.25,98,7.9,8.5,9,29.5,42,11.13,3.2,5
Iman Shumpert,PG-SG,76.25,221.8,81.5,99.5,6.5,9,9,36.5,42,11.1,3.18,18
Kyle Singler,SF,79.5,228,82.1,106,10,8.25,8.75,23,30,11.22,3.21,10
Chris Singleton,SF,79.75,230.2,85,103.5,7.4,9.25,10,30.5,37.5,11.33,3.09,15
Jamie Skeen,PF,78.5,241.6,85.25,106.5,9.8,8.5,8.5,26,30.5,12.43,3.46,10
Nolan Smith,PG,73.5,187.6,77.5,99,5.6,8.5,9.25,28.5,34,11.05,3.17,9
Gregory Smith,PF-C,80,252.8,86.5,106.5,7.4,9.75,12,29.5,36,12.43,3.36,17
Malcolm Thomas,PF,79.5,223,84.5,107.5,5.9,9.5,10.5,32,36.5,11.31,3.29,3
Isaiah Thomas,PG,68.75,186,73.75,91.5,6.7,8.25,9,31.5,40,10.49,3.14,13
Trey Thompkins,PF,80.5,239,85,107.5,15.5,9.25,9.75,27.5,30.5,11.72,3.41,15
Tristan Thompson,PF,79.5,227.4,85.25,108.5,6.2,8.75,9.25,30,35,10.92,3.26,9
Klay Thompson,SG,77.75,205.6,81,103.5,8,8.75,9.25,26.5,31.5,10.99,3.24,5
Jeremy Tyler,PF-C,81,262.4,89,110.5,13.4,9.25,9,28,33.5,11.26,3.29,10
Nikola Vucevic,PF-C,82.25,259.8,88.5,112.5,6.1,9.25,10.25,23.5,25,12.02,3.27,8
Kemba Walker,PG,71.5,184,75.5,91.5,5.9,8,9,32,39.5,10.87,3.16,7
Jordan Williams,PF,79.75,247.2,84.25,106.5,12.1,9.25,10,25,30.5,12.74,3.45,10
Derrick Williams,PF-SF,79.25,248.4,85.5,108,10.8,9,9.75,29,34.5,11.03,3.23,19
Quincy Acy,PF,78.5,223.8,86.75,106.5,7.1,9.5,11,32,37,10.48,3.28,13
Harrison Barnes,SF-SG,79,227.8,83.25,101.5,9.6,9,8.5,38,39.5,10.93,3.16,15
Will Barton,SG-SF,77,174.4,81.75,102.5,4.1,9,9.5,30,34,12.5,3.6,0
Bradley Beal,SG,75.25,201.8,80,100,6,8.5,9,33,39,10.95,3.28,8
J'Covan Brown,PG,73,202.4,77.25,96,12.5,7.75,8.25,26,29.5,11.68,3.47,3
William Buford,SG-SF,76,214.6,81.5,102,11.3,8.75,10,27.5,32.5,11.4,3.43,8
Jae Crowder,SF,76.75,241.2,81.25,99.5,9,9.5,10.5,31,34.5,11.45,3.37,20
Jared Cunningham,SG-PG,75.5,187.6,78.5,98,3.6,8.25,9,,,,,4
Anthony Davis,PF-C,81.25,221.8,89.5,108,7.9,9,8.5,,,,,
Marcus Denmon,SG,74.25,188.2,77,94.5,6.6,8.25,9.75,33.5,40,10.82,3.19,8
Andre Drummond,C,81.75,278.6,90.25,109.5,7.5,9.5,9.5,31.5,33.5,10.83,3.39,10
Kim English,SG,76.5,192,78.5,98,4.3,8.5,8.75,29,36.5,10.59,3.33,
Festus Ezeli,C-PF,81.75,264.2,89.75,108,5.5,9,10.75,34,33.5,12.35,3.29,18
Drew Gordon,PF,80,239,83.5,103.5,9.1,8.5,9.75,29,34,11.35,3.49,10
JaMychal Green,PF,80,217.4,86.25,106.5,9.8,9.25,9.25,29.5,32.5,10.63,3.38,19
Draymond Green,PF-SF,77.75,235.6,85.25,105,11.3,9,9.5,28,33,11.01,3.4,9
Maurice Harkless,SF,79.25,206.6,84,102.5,5.3,9.25,10.25,32.5,37,10.87,3.25,5
John Henson,PF,81,216,89,112,8.6,9.25,10,25.5,30,,,5
Tu Holloway,PG,70.5,186.8,77.5,94.5,8.5,8.75,10,28,35,11,3.42,12
Robbie Hummel,SF,79.25,218,80.5,102,9.4,8.5,9.5,27.5,30,11.56,3.41,13
Bernard James,PF,80.75,229.8,87,108.5,5,9,9.25,30,32.5,11.84,3.4,6
John Jenkins,SG,75.25,212,80.5,98,7.1,9,9,30.5,36.5,11.36,3.37,10
Orlando Johnson,SG,75.75,223.8,83.25,99,7,9,9.5,32,39.5,10.98,3.25,13
Darius Johnson-Odom,SG,73.5,212,79,96,7,8.75,8.75,33.5,41.5,10.76,3.21,17
Terrence Jones,PF-SF,80.25,252,86.25,107,7.7,9,10,29.5,34.5,11.57,3.4,12
Kevin Jones,PF,78.25,251.2,85.5,105,11.2,9,7.75,27.5,32.5,11.94,3.6,17
Perry Jones,PF-SF,82.25,233.8,85.75,107,4.6,9.25,9.5,33,38.5,11.31,3.19,11
Kris Joseph,SG,78,215,83,104,8.6,9,9,28.5,35,,3.46,6
Michael Kidd-Gilchrist,SF,77.75,232.8,84,104.5,7,9,10.25,32,35.5,11.77,3.18,6
Doron Lamb,SG-PG,75.25,199.4,78.75,98.5,6.7,8.5,8.75,29,33.5,11.12,3.41,2
Jeremy Lamb,SG,76,179.2,83,102,4.5,8.75,9.25,31.5,38,10.98,3.25,5
Meyers Leonard,C,83.75,249.8,87,108,5.7,9.25,11,30,32.5,11.34,3.41,19
Damian Lillard,PG,73.75,188.8,79.75,95.5,5.9,8.75,9.75,34.5,39.5,11.15,3.34,13
Scott Machado,PG,73,205.8,76,94.5,5.8,8.5,9.5,27,32.5,11.26,3.3,17
Kendall Marshall,PG,75.25,198.4,77.5,96,7.8,8.5,9,31,37,12.03,3.23,
Fab Melo,C,82.75,255,86.5,110,9.2,9,10,29.5,31,12.14,3.44,9
Khris Middleton,SF,78.75,216.2,82.75,103,7.8,9,9,28,31,11.45,3.47,4
Darius Miller,SF-SG,78,233.4,81,101,7.5,8.5,8.75,33,37,11.34,3.31,14
Quincy Miller,SF,80.75,218.7,85.25,105,7.8,9.25,10.25,30.5,36,11.05,3.48,8
Tony Mitchell,SG,77.25,216.4,82,100,5.7,8.5,10,31.5,40,11.72,3.47,14
Arnett Moultrie,PF,81.5,232.8,86.25,106.5,7.7,9.25,9.25,33.5,37.5,11.32,3.22,10
Kevin Murphy,SG,77,194,78.75,99,5.8,8.5,8.5,31,36.5,10.97,3.42,11
Andrew Nicholson,PF,80.5,234,88,107,7.6,10,10.75,28.5,30.5,11.89,3.67,10
Kyle O'Quinn,PF,80.5,240.8,88.75,106.5,8,9.5,10,31.5,31.5,11.65,3.53,
Miles Plumlee,PF-C,82.5,252.4,84.75,105.5,11.4,9.25,9,34,40.5,10.64,3.36,15
Austin Rivers,SG-PG,75.5,202.8,79.25,96.5,6.2,8.5,10,32.5,37.5,11.54,3.32,1
Thomas Robinson,PF,79.75,244.2,87.25,106,5,9.75,10.5,28.5,35.5,11.96,3.17,15
Terrence Ross,SG-SF,78,196.6,79.25,100.5,3.2,8.75,10.25,31,37.5,11.78,3.28,2
Tomas Satoransky,PG-SG,78.5,200.6,79.25,100,5.2,8.5,9.5,,,,,
Mike Scott,PF,79.25,240.8,82.75,104,10.6,8.5,9,27,32.5,11.59,3.44,14
Henry Sims,C-PF,82,241.2,88,108,7.7,9.25,10,26.5,29.5,12.33,3.44,7
Jared Sullinger,PF,79.75,268.2,85.25,105.5,10.7,9.25,9.75,29.5,31,12.77,3.81,9
Tyshawn Taylor,PG,74.75,177,78.25,97.5,4.2,8.75,8.75,32,36.5,11.48,3.2,0
Jordan Taylor,PG,73,192.8,75,92.5,5.5,8.25,9.5,33,36.5,10.57,3.19,14
Jeff Taylor,SF-SG,78,212.8,78.25,101.5,4.2,8.25,9.75,33.5,40,10.87,3.29,15
Marquis Teague,PG,73,179.8,79.25,96.5,6.3,8.25,7.75,32.5,40.5,10.65,3.19,8
Hollis Thompson,SF,78.75,206,81.5,102.5,6,8.25,9.75,28.5,36.5,11.72,3.38,6
Dion Waiters,SG,74.5,221,79.25,98,8.5,8.5,9.5,,,,,
Royce White,PF,79,260.6,84,104.5,10.6,9.5,11.5,,,,,
Tony Wroten,PG,76.75,203.2,81,101,5.2,8,9,30,35.5,10.75,3.24,0
Tyler Zeller,PF-C,83.25,247.4,84,104.5,6.4,9,9.75,30,34,11.13,3.4,16
Steven Adams,C,82.75,254.5,88.5,109.5,6.65,9.5,11,28.5,33,11.85,3.4,16
Vander Blue,SG,75.5,197.4,78,100.5,4.6,8.5,9.5,28,37.5,10.4,3.14,4
Lorenzo Brown,PG,76,189.2,79,100,3.95,8.25,8.5,28,34,11.78,3.4,8
Reggie Bullock,SG-SF,77.75,199.8,80.75,102,6.95,8.5,9,31,36.5,11.33,3.31,11
Trey Burke,PG,71.75,187,77.5,97.5,6.9,8.25,8.75,29.5,36.5,11.2,3.16,3
Kentavious Caldwell-Pope,SG,76.5,203.6,80,100.5,6.45,8.5,9,29,34.5,10.6,3.12,7
Isaiah Canaan,PG,71,188.4,76.5,94.5,5.9,8.25,9.5,33,40.5,10.98,3.22,16
Jackie Carmichael,PF,79.5,241.2,85.5,107,5.8,9,10.25,30,32,11.83,3.35,13
Michael Carter-Williams,PG,76.75,184.4,79.25,101,4.4,7.5,8.5,31.5,41,10.68,3.22,8
Will Clyburn,SF-SG,77.75,210.4,84.25,105,6.85,9.25,10.25,28,34.5,11.68,3.38,3
Robert Covington,SF-PF,78.25,208.6,85.75,106,4.7,9,8.5,29.5,36,11.69,3.34,9
Allen Crabbe,SG,77.25,197.4,83.25,103.5,4.65,8.25,8.5,30.5,36,10.67,3.32,10
Seth Curry,SG,73,179.2,76,97.5,9.6,8,8.25,,,,,
Brandon Davies,PF,80.5,241.8,85.5,108.5,8.6,9,11,26,31.5,11.22,3.5,7
Dewayne Dedmon,C,82,238.8,88,109,8.35,9,11,28,32.5,12.75,3.4,8
Gorgui Dieng,C,81.75,229.6,87.5,111.5,5.35,9,10,,,,,
James Ennis,SF,77.75,200.8,83.5,104.5,4.5,8.5,8.75,29.5,36.5,11.55,3.4,7
Carrick Felix,SF-SG,76.75,202.6,81.25,103.5,3.3,8.5,9.5,32,38.5,11.16,3.25,15
Jamaal Franklin,SG-SF,76,190.8,83.25,103.5,8.25,8.5,8.25,,,,,
Rudy Gobert,C,84.5,237.6,92.5,115,4.4,9.75,10,25,29,12.85,3.57,7
Archie Goodwin,SG,75.75,189,81.5,102,4.55,8.5,9,30,36,10.75,3.27,1
Erick Green,PG,73.5,178.2,77.75,98,4.35,8.5,9,,,,,5
Tim Hardaway Jr.,SG,76.5,199.4,79,101,6.05,8,9.25,31.5,37.5,10.68,3.25,16
Solomon Hill,SF,77.5,226,81,103,7.6,9,10.5,29.5,37.5,10.77,3.19,14
Richard Howell,PF,78.25,249.6,82.25,105.5,8.75,8.75,9.5,,,,,
Colton Iverson,C,82.5,262.8,86,110,9.6,9.25,9.5,26.5,30,11.52,3.52,12
Pierre Jackson,PG,69.5,176,70,90,4.5,7.5,8.25,,,,,
Grant Jerrett,PF,80.75,232,86,109,10.05,8.5,9.25,28.5,34,11.85,3.51,2
Myck Kabongo,PG,73.25,180.4,78.25,98,6,8.25,9,27.5,33.5,10.64,3.44,2
Kenny Kadji,PF-C,80.75,241.6,87,106.5,7.45,9,10.25,34,38,11.47,3.44,9
Ryan Kelly,PF,81.75,228,83.5,110,14.75,9,10,,,,,
Shane Larkin,PG,70.25,170.8,70.75,89.5,3.8,7.5,8.75,34.5,44,10.64,3.08,12
Ricky Ledo,SG,76.75,197.2,79.25,102.5,10.25,8.5,9.25,27,33.5,10.72,3.32,4
Alex Len,C,,,87.5,,6.4,9,10.75,,,,,
CJ Leslie,PF-SF,79.5,209.2,86.25,104.5,7.95,8.75,9,32.5,40.5,10.19,3.1,
Trevor Mbakwe,PF,78.75,235.8,88,106.5,5.9,9.5,11.5,30,36.5,12.01,3.32,21
Ray McCallum,PG,72.25,191.4,75.25,96.5,7.3,8,8.75,30.5,40,10.82,3.25,5
CJ McCollum,PG-SG,74.25,197,78.25,96.5,8.6,8,9.5,32,38.5,11.02,3.32,13
Ben McLemore,SG,75.5,189.2,79.75,100.5,5,8.75,9.5,32.5,42,11.87,3.27,6
Tony Mitchell,PF-SF,79.5,236.4,86.5,106.5,5.55,9,10,33.5,38,11.82,3.52,13
Shabazz Muhammad,SF-SG,76.75,221.8,83,104.5,9,9,10,29.5,37,10.99,3.32,10
Erik Murphy,PF,80.75,239.8,82.5,108,7.95,8.75,9.75,24.5,29.5,12.19,3.57,13
Mike Muscala,C-PF,82.25,230.2,85,108,6.8,8.5,9,28,33.5,11.76,3.44,5
Nerlens Noel,C,82,206.4,87.75,110,4.15,9.5,10,,,,,
Victor Oladipo,SG,75.25,213.2,81.25,100.5,6.55,8.75,9.25,33,42,10.69,3.25,15
Kelly Olynyk,PF-C,82.75,234,81.75,108,6.65,8.5,10,24.5,29.5,11.42,3.59,5
Brandon Paul,SG,74.75,201,82.25,98,5.25,8.5,9.5,33.5,39.5,11.16,3.37,15
Norvel Pelle,PF-C,81.5,207.2,86.5,109,5.15,8.75,9.5,31,34.5,11.49,3.32,0
Mason Plumlee,C-PF,83.25,238.2,83,108,6.15,9.75,9.5,30.5,36,10.89,3.29,14
Otto Porter,SF,79.5,197.6,85.5,105.5,6.65,8.75,9.25,27,36,11.25,3.4,9
Phil Pressey,PG,69.5,177,74.25,92,4.7,7.75,9.75,33,38.5,10.86,3.13,7
Glen Rice,SF-SG,76.5,210.8,81.25,101.5,8.45,8.5,9,33,40.5,10.99,3.25,10
Andre Roberson,PF-SF,78.25,205.8,83,104.5,7.05,8.75,9.5,30,36.5,11.36,3.34,10
Dennis Schroder,PG,73,164.8,79.75,98,4.1,8.75,10.5,30,34,11.09,3.21,1
Peyton Siva,PG,71.5,180.6,75,93,6.05,8,9.75,33.5,41.5,10.59,3.16,15
Tony Snell,SF-SG,78,198.2,83.5,105.5,4.85,9,9.5,30,36.5,11.36,3.25,7
James Southerland,SF-PF,79,220.6,85,106,8.05,8,9.5,29,32,10.9,3.38,5
Adonis Thomas,SF,76.75,231.8,85,99,7.5,9.25,9.5,34.5,40.5,11.64,3.32,13
Deshaun Thomas,SF,77,219.8,82,104,9.1,8,8.75,28.5,32,12.94,3.53,5
Jeff Withey,C,82.75,221.8,86,110.5,8.65,9,9.75,26.5,29,12.49,3.47,10
Nate Wolters,PG,75.5,196.4,75.75,98,5.5,8.25,8.75,,,,,8
BJ Young,SG-PG,74.25,178.8,80.25,99,4.7,8.5,9.5,,,,,
Cody Zeller,C-PF,82.75,230,82.75,106,4.75,8.5,10.5,35.5,37.5,10.82,3.15,17
Jordan Adams,SG,75.5,208.8,82,102,10.8,8.5,7.5,24.5,29.5,12.13,3.5,
Kyle Anderson,SF,79.5,230.1,86.75,107.5,13.35,8.25,8.75,,,,,
Thanasis Antetokounmpo,SF,77.25,205.2,84,104.5,6.05,9,9.75,31.5,39.5,11.39,3.18,
Jordan Bachynski,PF,85.25,254.1,88,108.5,7.45,9.25,10,29,33,12.15,3.36,
Cameron Bairstow,PF,80.75,252.4,84.75,107,8.7,8.75,9,31,33.5,11.39,3.37,
Khem Birch,PF,79.5,208.8,85,107,6,9,8.5,30.5,35.5,11.6,3.26,
Alec Brown,PF,84.25,231.2,85.5,109,7.7,9.25,8.75,27,30,12.05,3.48,
Markel Brown,SG,74.5,184.4,80.75,100,4.2,8.25,9.75,36.5,43.5,12.62,3.18,
Jabari Brown,SG,75,201.9,80.25,100,6.05,9,9.25,28,32,11.6,3.5,
Deonte Burton,PG,72,192.8,79,97.5,7.65,8.25,8,29,39.5,11.28,3.28,
Semaj Christon,PG,73.5,186,78.5,99,5.25,8.5,8.25,30.5,36.5,11.55,3.32,
Jordan Clarkson,PG,75.25,186.3,80,98,4.3,8.25,9,33,38.5,10.76,3.28,
Aaron Craft,PG,72.75,191.6,74,94.5,6.1,7.75,8.5,29,32,10.78,3.26,
DeAndre Daniels,SF,79.25,196,86,106.5,3.85,9.25,10.5,26.5,32,11.46,3.44,
Spencer Dinwiddie,PG,76.5,204.9,80.25,103,5.35,8.25,9,,,,,
Cleanthony Early,SF,78,209.4,82.75,101.5,4.45,8.5,9,34,40,11.15,3.18,
Melvin Ejim,SF,77.25,218.5,83.25,103.5,6.45,8.75,9.25,29.5,35,11.55,3.14,
Tyler Ennis,PG,73,181.5,79.25,98,6.2,8.25,8.75,29,36,11.12,3.3,
Dante Exum,SG,76.5,196.3,81.5,103,6.4,8.5,9.5,31.5,34.5,10.75,3.19,
C.J. Fair,SF,78.5,218.1,81.5,104,5.05,9,9,27,35,11,3.32,
Aaron Gordon,PF,79.5,220.1,83.75,105,5.05,8.75,10.5,32.5,39,10.81,3.27,
Jerami Grant,SF,78.5,214,86.75,107,3.75,9.25,9.25,,,,,
P.J. Hairston,SG,76.25,228.8,81,101,8.2,8.75,9.75,32,37,11.12,3.32,
Gary Harris,SG,74.5,204.8,78.75,96,4.55,8.5,9.5,,,,,
Joe Harris,SG,76.75,215,78,100,6.2,8.5,9.75,28.5,33.5,11.11,3.31,
Rodney Hood,SF,79.25,208.2,80.5,103,7.45,8.5,8.5,29,36,11.21,3.38,
Cory Jefferson,PF,79.75,218.4,84.5,105,5.25,8.75,9.75,33,37.5,12.63,3.36,
Nick Johnson,SG,73.5,198,79.25,96.5,6.05,8.75,9.75,33.5,41.5,10.8,3.27,
Sean Kilpatrick,SG,74.5,218.7,79,99,9.2,9,9,,,,,
Alex Kirk,PF,81.25,252,87.5,109.5,13.6,9.25,10.5,28.5,31.5,11.2,3.48,
Zach LaVine,PG,76.5,180.9,80.25,100,4.7,8.25,8.75,33.5,41.5,10.42,3.19,
Devyn Marble,SG,77,192.4,81,102,6.9,8.25,8.5,29,35,11.32,3.28,
James McAdoo,PF,79.5,227.6,86.25,106.5,6.15,9.25,9,29.5,34,11.61,3.28,
K.J. McDaniels,SF,76.5,195.6,83.25,102,4.45,8.75,9.75,33,37,12.71,3.1,
Doug McDermott,SF,78.25,218,81.25,103,7.1,8.75,9.75,28.5,36.5,11.1,3.29,
Jordan McRae,SG,75.75,179.4,84.5,104,5.2,8.75,8.5,27.5,34.5,11.07,3.39,
Shabazz Napier,PG,71,175.2,75.25,93,7.35,8.25,8.5,30.5,37.5,11.6,3.2,
Johnny O?Bryant III,PF,79.25,256.8,86.25,105,10.75,9.25,9.5,31,35.5,11.57,3.45,
Lamar Patterson,SG,76,226,83,101,10.75,9,9.25,27.5,32.5,11.63,3.45,
Adreian Payne,PF,81,238.5,88,109,7.55,9.25,9.5,,,,,
Elfrid Payton,PG,74.5,185.4,80,98.5,5.65,8.75,9,31.5,35.5,11.06,3.23,
Dwight Powell,PF,81.5,234.4,84.5,105,6.2,9,9.25,28.5,35,11.28,3.2,
Julius Randle,PF,79.75,249.7,84,105.5,9.4,8.75,8.25,29,35.5,11.45,3.27,
Glenn Robinson III,SF,77.5,211.4,82,100.5,5.05,9,9.5,36.5,41.5,11.22,3.15,
LaQuinton Ross,SF,78.5,238.7,85.75,106,16.3,8.75,9.75,25,31,11.97,3.44,
Marcus Smart,PG,74,227.2,81.25,99,10.55,9,8.75,33,36,10.82,3.26,
Russ Smith,PG,71.5,160,75.5,95,3.5,8.25,8.5,29.5,34,11.57,3.27,
Nik Stauskas,SG,77.25,206.9,79.75,102,12.05,8.5,8.5,29,35.5,10.79,3.27,
Jarnell Stokes,PF,79,262.8,85.25,103.5,8.2,9.75,10.5,31,36,11.92,3.26,
Xavier Thames,PG,74.25,187,76,96,6.4,8.25,9,29,32.5,11.48,3.48,
Noah Vonleh,PF,80,247.1,88.25,108,7.3,9.75,11.75,31,37,11.45,3.28,
T.J. Warren,SF,79,220.2,82.25,104,7.95,8.75,9,27,35.5,11.1,3.26,
C.J. Wilcox,SG,75.5,201,81.75,100.5,6.5,8.75,9,31,37.5,11.3,3.22,
Kendall Williams,PG,74.25,183,77.5,99,7.2,8,7.75,27,33,10.83,,
Patric Young,PF,80.5,246.8,85.75,103.5,5.45,9.25,9.5,32,37.5,11.18,3.43,
James Young,SG,77.25,213.3,84,104,5.1,9,9.5,28,35.5,,,
Cliff Alexander,PF-C,79.25,239.2,87.5,109.5,5.8,9.5,10.25,,,,,
Justin Anderson,SF-SG,77.25,230.6,83.75,101,5,8.5,9.5,38,43,11.13,3.22,12
Brandon Ashley,PF,79.25,228,87.75,105,8.8,9,9.5,31.5,35.5,11.21,3.58,9
Ryan Boatright,PG,70,169.6,72.5,92.5,6.6,7.5,8.75,32,41,10.71,3.26,10
Devin Booker,SG,76.5,205.8,80.25,102.5,8.3,8.75,9,27.5,34.5,10.27,3.28,8
Anthony Brown,SF-SG,77.75,211,83,104.5,6.1,8.5,9,27.5,34.5,10.94,3.18,4
Willie Cauley-Stein,C,83.25,242.4,87,111,6.3,9.5,9,,,,,
Rakeem Christmas,PF-C,80.25,242.6,89.25,110.5,9.6,9.25,9,29,32,11.6,3.47,9
Pat Connaughton,SG,76,215,80,96,10.2,8.5,9.25,37.5,44,10.58,3.2,13
Quinn Cook,PG,72.25,179,76,96.5,6.7,7.5,8.75,24.5,31,11.44,3.38,14
Branden Dawson,PF,77.5,230.2,83,105,5.8,9,8.75,28.5,34.5,12.22,3.2,12
Sam Dekker,SF,79.75,218.6,83.5,106,7.5,8.5,9.25,25.5,34.5,10.64,3.28,5
Michael Frazier II,SG,75.75,199.4,80,101.5,7.4,8.25,9.25,27,35,10.66,3.32,10
Treveon Graham,SF,76,219.4,82.5,103,5.5,8.5,8.25,28.5,31.5,11.64,3.3,11
Jerian Grant,PG,75.25,198,79.5,100,5.6,8.25,8.5,,,,,
Olivier Hanlan,PG-SG,75.25,185.8,78,100,4.3,8,8.75,28,34,11.41,3.25,19
Montrezl Harrell,PF,79,253.4,88.25,109,11.9,9,9.75,,,,,
Andrew Harrison,PG,76.5,213.2,81,100,5.9,8.25,9.25,26.5,33,11.2,3.34,
Aaron Harrison,SG,76.5,209.2,80.25,100.5,6,8.75,10,28.5,34.5,,3.27,1
Tyler Harvey,SG,74.75,181.4,77.5,98.5,9.2,7.75,8.75,26,28.5,10.56,3.44,1
Corey Hawkins,SG-PG,72.75,191.8,80,99.5,5.5,8.75,9,28.5,34,10.81,3.51,9
Rondae Hollis-Jefferson,SF,77.5,210.8,86,104,5,8.75,9.75,32,38,10.41,3.12,13
Richaun Holmes,PF,80.25,242.8,85.5,108,8.8,8.5,8.5,32.5,36,11.24,3.32,15
Jonathan Holmes,PF-SF,80.25,242.2,83.5,107.5,7.2,8.25,9.5,25.5,31,10.95,3.51,
R.J. Hunter,SG,76.5,185,82.5,104,6,8.5,8.25,27.5,33.5,10.87,3.26,1
Vince Hunter,PF,78.75,208.4,83,104.5,4.6,9,8.75,33.5,37.5,11.19,3.26,13
Dakari Johnson,C,83,264.6,86,112,14.9,9.25,10.5,22.5,25,11.76,3.62,4
Stanley Johnson,SF,77,241.8,83.5,102,7.5,9,9,,,,,
Tyus Jones,PG,72.5,184.6,77,97,6.5,8.25,8.75,26.5,32.5,11.84,3.32,2
Frank Kaminsky,C-PF,83.75,231.2,83,109.5,9.4,8.5,9.5,,,,,
Kevon Looney,PF,80,222.4,87.5,110,11.9,9.5,9.25,,,,,
Trey Lyles,PF,81,241.2,85.5,108,12.1,9.25,10.25,,,,,
Jarell Martin,PF,80,238.6,81,106.5,10.1,8.25,9.5,28.5,35,11.2,3.27,19
TJ McConnell,PG,72.5,187.8,74,96.5,7.3,7.5,7,26,31.5,10.95,3.3,7
Chris McCullough,PF,80.25,199,87.25,109,6.2,8.75,8.75,,,,,
Jordan Mickey,PF,79,238,87.25,106,7.2,8.75,9.5,33,37.5,11.72,3.28,9
Larry Nance,PF,79.5,226.6,85.5,108,6.4,9,9.75,29,37.5,10.93,3.25,10
Kelly Oubre,SF-SG,77.75,202.8,86.25,102.5,5.7,9,8.75,34.5,37,11.09,3.32,7
Cameron Payne,PG,72.75,182.8,79.25,97.5,6.3,8.5,8.25,29.75,35.5,10.9,3.28,0
Terran Petteway,SG,76.75,209.2,83.25,104.5,4.9,8.25,8.25,25,31,10.91,3.32,15
Bobby Portis,PF,81.5,246.2,86,108.5,8.9,9.5,9.25,25,31.5,11.78,3.56,5
Norman Powell,SG,75,215.4,82.75,102.5,6.4,9.25,9,32.5,40.5,10.69,3.2,5
Michael Qualls,SG-SF,76,201.4,84.25,104.5,4,9,10.25,34,39.5,11.88,3.18,9
Chasson Randle,PG,72.25,178.8,79,96.5,4.5,8.5,9.5,33.5,39.5,10.63,3.2,6
Terry Rozier,PG-SG,72.5,190.2,80.25,98.5,5.6,8.25,8.5,33,38,10.84,3.15,7
D?Angelo Russell,PG-SG,75.25,193.4,81.75,102,8.3,8.75,9.75,,,,,
Keifer Sykes,PG,70.5,167.2,74,93,5,8.5,9.5,34,43,10.47,3.13,8
Marcus Thornton,PG-SG,73.75,177.4,79.75,97.5,5.3,8.25,8.5,34.5,43,10.78,3.02,3
J.P. Tokoto,SF-SG,77.25,195.8,82,100.5,4.1,8,8.75,34.5,40,10.97,3.27,12
Myles Turner,C-PF,81.75,238.6,88,112,9.3,9.25,9.25,,,,,
Robert Upshaw,C,82.75,258.2,89.5,113,12.5,10,11,,,,,
Rashad Vaughn,SG,75.75,198.6,79,101,6.2,8,8.5,28,34,11.4,3.21,5
Chris Walker,PF,80.75,208,86.75,108,5.1,9,9,30.5,37,11.25,3.35,6
Dez Wells,SG,75,208.8,81.5,100.5,8.1,8.75,9.75,31.5,39,10.56,3.2,15
Alan Williams,PF,79.25,261.4,85.75,106.5,12,8.5,9.5,25.5,28.5,12.26,3.5,8
Justise Winslow,SF,76.5,221.8,82.25,104.5,5.3,8.5,9.25,,,,,
Christian Wood,PF,81.25,216,87.25,111.5,14.7,9.25,10.75,,,,,
Delon Wright,PG,76.25,181.4,79.5,101.5,6.6,8,8.5,29.5,31,11.16,3.29,4
Edrice Adebayo,PF-C,80.75,242.6,86.75,108,5.2,9.5,8.75,33.5,38.5,11.94,3.24,12
Rawle Alkins,SG-SF,74.5,222.6,80.75,99,11,8.75,10,31.5,40.5,11.99,3.3,7
Jarrett Allen,C,81,233.6,89.25,109.5,7.4,9.5,10.5,31.5,35.5,11.82,3.21,4
Kadeem Allen,PG,73,192.4,81.25,99.5,6.4,8.5,8.75,33,35.5,11.24,3.15,7
Ike Anigbogu,C,80.5,252.2,90.25,110.5,5.4,9.5,10,29.5,32.5,12.52,3.44,11
OG Anunoby,SF,78.25,232.4,86.25,107.5,6.8,9.25,9.5,,,,,
Jamel Artis,SG-SF,77.5,213.2,82,105,11.9,9.25,9.75,23.5,31,11.62,3.44,5
Dwayne Bacon,SG-SF,76.75,221.6,82,103.5,7.9,8.75,10,30,36.5,11.7,3.22,8
V.J. Beachem,SG-SF,78.25,193.4,82.25,104.5,6.8,8.5,9,30,37,11.18,3.26,11
Jordan Bell,PF,79,223.6,83.75,104.5,5.4,9.25,9.5,31.5,38,10.63,3.21,16
Jaron Blossomgame,SF,77.75,218.6,82,104.5,5.7,8.75,10.25,31,35.5,11.47,3.17,16
Chris Boucher,PF,80,182.2,88,110.5,5.4,9.25,10.5,,,,,
Tony Bradley,C,81.25,248.8,89,112.5,12,9.5,9.5,24.5,27.5,11.79,3.44,5
Isaiah Briscoe,PG,73.25,222.4,81,99.5,11,9,9.25,28,33.5,10.95,3.38,11
Dillon Brooks,SG-SF,77,220.2,78,100.5,7.5,8.25,9.25,31,37.5,11.14,3.21,16
Thomas Bryant,PF-C,81.5,247.8,90,112.5,9.4,9.5,10.25,25.5,33,11.42,3.37,7
Zach Collins,PF-C,82.25,232.2,85,111,8.9,8.75,9.25,,,,,
John Collins,PF,80.25,225.2,83.25,106.5,5.4,9,10,33,37.5,11.66,3.27,15
Hamidou Diallo,SG-SF,75.75,197.4,83.25,101.5,5.2,8.5,9.5,34.5,44.5,10.88,3.11,0
Tyler Dorsey,SG,75,182.6,77.25,99.5,4.7,8.5,9.25,30.5,36,10.55,3.16,8
Damyean Dotson,SG-SF,76.5,205.2,81,100,5.3,8.5,9.25,31.5,38,11.18,3.13,13
PJ Dozier,SG,77.25,200.6,83,101,6.1,8.5,9.5,34,39,10.84,3.15,9
Jawun Evans,PG,70.75,185.2,77.5,95,9.1,8,7.75,27.5,33.5,11.34,3.21,1
Terrance Ferguson,SG-SF,77.5,184.4,80.75,103,5.8,8.5,10,28.5,38,11.16,3.32,
De?Aaron Fox,PG,74,169.6,78.5,100,4.5,8.5,8.5,,,,,
Markelle Fultz,PG,,,,,,,,,,,,
Harry Giles,PF,81.25,232,87.25,109.5,5.2,9.5,10.75,27,32.5,11.08,3.34,5
Josh Hart,SG-SF,75.75,209.2,80.25,101,5.8,8.5,9.5,27.5,35.5,11.15,3.18,9
Nigel Hayes,PF,78.25,254.2,87.25,104.5,11.5,8.75,10,29,33.5,11.81,3.27,16
Isaiah Hicks,PF,79.25,233.4,84.5,105,7.7,8.75,9.75,31.5,37,12.31,3.36,11
Wesley Iwundu,SG-SF,77.5,193.4,85,105.5,4,8.75,9.5,31.5,36,11.25,3.36,5
Frank Jackson,PG,74,201.6,79.5,98,6.7,8.25,9,34.5,42,10.94,3.14,9
Justin Jackson (UMD),SF,77.75,219.4,87.25,107,7.1,9,9.5,26.5,31.5,11.78,3.43,
Justin Jackson (UNC),SF,79,200.8,83,104.5,8.1,8.75,9.25,29.5,35.5,10.8,3.3,
Peter Jok,SG-SF,76.25,202.4,80,102,11,8.25,9.5,26.5,31,11.34,3.41,
Luke Kennard,SG-SF,76.5,196.2,77.25,98.5,6.6,8,8.75,,,,,
Kyle Kuzma,SF-SG,80,222.6,84.25,107.5,9.4,8.5,9.5,27,34,10.72,3.25,12
TJ Leaf,PF,80.75,222.2,83,107,6.8,8.5,9.5,29,34.5,11.55,3.27,6
Tyler Lydon,PF,80.25,215,84,107.5,13.6,8.75,8.75,29.5,33.5,11.68,3.46,1
Frank Mason III,PG,71,188.8,75.25,94,4.3,8,9.25,34,41,11.41,3.18,15
Kennedy Meeks,C,80.75,276.6,85,106,11.5,8.75,8.75,28,30.5,12.91,3.5,15
Donovan Mitchell,SG,73.25,211.4,82,97,5.9,8.5,9.5,36.5,40.5,11.53,3.01,10
Monte Morris,PG,73.25,175.2,76,96.5,6.9,8.25,8.75,28,33.5,11,3.19,8
Johnathan Motley,PF,79.75,238.2,88,108,,9,9.5,,,,,
Svi Mykhailiuk,SG-SF,78.5,219.6,77,100,11.4,8,9.25,27,33,12.4,3.53,8
Semi Ojeleye,SF-SG,77.25,241.4,81.75,102,5.5,8.75,9.5,35,40.5,10.58,3.16,19
Cameron Oliver,PF,79,238.6,85.25,106.5,7.7,9.5,10.25,28,39.5,12.17,3.16,5
Justin Patton,C,82,229,87,111.5,7.8,8.75,9.75,26,30.5,11.8,3.46,
Alec Peters,PF,79.25,232,82.75,105,8.8,8.75,10,,,,,
Ivan Rabb,PF,80.75,219.6,85.5,109,6.8,8.75,9,28.5,32.5,12.68,3.35,3
Davon Reed,SG-SF,76.5,206.2,84,102,6.5,9.25,9.5,28.5,36,11.37,3.34,12
Devin Robinson,SF,79,189.6,84.75,106,3.2,9.25,10.25,35.5,41.5,12.85,3.23,10
Kobi Simmons,PG,75.25,166.2,78,99,5,8.5,9.5,30.5,38.5,11.15,3.18,3
Edmond Sumner,PG,76,176.4,81,102.5,8.3,8.25,9,,,,,
Caleb Swanigan,PF,79.5,245.6,87,108,,9.5,10.25,,,,,
Sindarius Thornwell,SG-SF,75.5,211.6,82,103,7.8,8.75,8.75,27,30.5,11.48,3.36,15
Melo Trimble,PG,73.25,195.2,74,95.5,10.6,8,8.75,24.5,32,10.75,3.27,6
Moritz Wagner,PF,82,231.2,84,108,6.7,8.75,10.75,25.5,32.5,12,3.35,
Derrick Walton Jr.,PG,71,188.6,74.5,95,5.8,8,8.5,26,32.5,11.28,3.29,9
Thomas Welsh,PF-C,83.5,254,84,109.5,10.9,9,10.5,,,,,11
Derrick White,PG,75.25,189.8,79.5,101.5,6.2,8.25,8.5,31,36.5,10.84,3.08,10
Nigel Williams-Goss,PG,73.5,190.2,79.25,99,5.6,8.75,9.25,27.5,34.5,10.42,3.19,10
D.J. Wilson,PF,80.75,234.4,87,109.5,6.4,9.25,10.25,,,,,
Omer Yurtseven,C,82.5,248.4,85,108.5,7.6,9,10.5,26,31.5,12.85,3.45,6
Rawle Alkins,SG,74.75,217.4,80.75,99,8.9,8.5,10,32.5,40.5,11.5,3.15,10
Grayson Allen,SG,75,198,79.25,97,5.55,8.25,10,32.5,40.5,10.31,3.15,
Kostas Antetokounmpo,PF,81,194.8,86.25,110,5,9.25,9.5,29.5,35,12.48,3.21,0
Udoka Azubuike,C,82,273.8,91,112.5,7.95,9.5,10,31,31.5,12.97,3.12,11
Mohamed Bamba,C,83.25,225.6,94,115.5,6.2,9.75,10.25,,,,,
Jaylen Barford,PG-SG,73.25,207.6,75.5,96.5,11.65,8,8.25,27,33,11.39,3.31,7
Keita Bates-Diop,SG-SF,79.25,223.8,87.25,106.5,5.35,9,8.5,30.5,35,11.2,3.17,11
Tyus Battle,SG,77,200.2,81,102,4,8.5,9.25,32,37.5,11.04,3.07,9
Brian Bowen,SG-SF,78.25,202,82.25,103.5,7.6,9,10,30.5,34,11.58,3.28,0
Miles Bridges,SF,77.25,220.4,81.5,103.5,5.9,9,9.75,,,,,
Bruce Brown,SG-PG,75.5,194.6,81,98.5,3.75,8.5,8.5,32.5,38,11.11,3.2,17
Troy Brown,SF,77.75,208,82.25,105,7.05,9,9.75,26,33,11.51,3.33,5
Jalen Brunson,PG,73,198.4,76,96,6.7,8.25,9.25,29,37,10.59,3.15,7
Tony Carr,PG,75,198.8,80.25,100,6.5,8.5,9.75,25,31.5,11.89,3.17,0
Jevon Carter,PG,72.25,196.2,76.25,95,4.15,9.25,8.5,29,36.5,11.04,3.18,14
Wendell Carter,C-PF,80.75,251.4,88.5,109,7.85,8.5,9,,,,,
Donte DiVincenzo,SG,75.5,200.6,78,97.5,5,8.25,9,34.5,42,10.72,3.11,12
Hamidou Diallo,SG,76.25,197,83.5,103,4.45,8.75,9,32.5,40.5,10.53,3.1,1
Trevon Duval,PG,73.5,191,80.25,97.5,5.2,8.75,10,34,41.5,10.93,3.18,6
Carsen Edwards,PG,70.75,195.6,78.25,94.5,6.3,8.5,9.25,28.5,34.5,11.59,3.2,12
Keenan Evans,PG,73.5,183.2,77.25,98,6.5,8.5,8,,,,,
Jacob Evans,SG-SF,76.25,199.6,81.25,102.5,6.5,9,9.25,28,35.5,11.11,3.2,8
Bruno Fernando,C,80.75,233.2,88.25,109,5.25,9.5,10,29,35,12.19,3.23,11
Melvin Frazier,SF-SG,76.5,198.2,85.75,105,7.9,9.5,9.5,31,40.5,11.24,3.08,0
Shai Gilgeous-Alexander,PG,76.5,180,83.5,104,3,9,9,,,,,
Devonte Graham,PG,72.25,186.4,78.25,96,4.8,8.5,9.5,31,37,11.28,3.21,14
Isaac Haas,C,85.25,303,89,111.5,12.55,10,10.5,,,,,
Devon Hall,SG,76.25,206.4,79.75,102,8.45,8.5,10,25,31,10.95,3.27,6
Jaylen Hands,PG,73.5,179,77.5,98,5,8,8,31.5,39.5,12.11,3.13,6
Kevin Hervey,PF,78.5,211.6,87.5,107,5.15,9.25,10.25,27.5,32,11.28,3.36,4
Aaron Holiday,PG,71.75,187,79.5,97,6.4,8.75,8.5,25.5,33,10.96,3.27,
Kevin Huerter,SG,78.25,194,79.5,101.5,8.6,8.25,8.5,31,38,10.89,3.09,9
Jaren Jackson,PF-C,81.75,236,89.25,110,7.2,10,10,,,,,
Justin Jackson,PF,78,229.4,87,105,8.9,9,9.5,,,,,
Alize Johnson,PF,79.25,216.6,80.75,103,8.1,8.5,9.75,25,31,11.83,3.38,8
George King,SF-SG,76.75,218.6,83.5,101.5,7.25,9,10.25,31,39,10.75,3.29,15
Kevin Knox,SF,79.75,212.6,83.75,108,4.95,8.75,9.25,,,,,
Sagaba Konate,C,78.5,246,84,106.5,7.35,9.25,10,31.5,35,12.28,3.28,12
Caleb Martin,SF-SG,76.75,195.8,82,101.5,7,8.5,8.75,29,36.5,10.43,3.26,6
Cody Martin,SG-SF,76.75,188.6,82.25,102.5,5.45,8.5,9,29,36.5,10.64,3.09,4
Yante Maten,PF-C,79.25,246.2,84.5,107.5,8.1,9.25,10,27,31.5,11.35,3.17,18
Brandon McCoy,C,83.5,250.4,86,110.5,8.7,9.75,9.5,27.5,32,11.77,3.23,9
DeAnthony Melton,SG-PG,74.25,193.2,80.5,99.5,5.2,8.5,9.5,31,36.5,11.48,3.23,1
Chimezie Metu,PF-C,80.5,219.6,84.5,108,5.05,9,9.25,29.5,36,11.89,3.33,5
Shake Milton,SG-PG,76.5,207.2,84.75,99.5,6.8,8.75,9.5,30,33,11.07,3.25,2
Sviatoslav Mykhailiuk,SG-SF,78.5,211.6,76.75,100,8.45,8.25,9.5,30.5,37,11.25,3.15,4
Malik Newman,SG,74.5,189.2,77.5,98.5,6.25,8.5,9.5,27.5,33.5,10.9,3.13,
Josh Okogie,SG,75,210.8,84,102,5.2,9,9.75,33,42,11.08,3.04,12
Theo Pinson,SG-SF,77,211.2,82.75,103.5,7.35,9,9,27,34,11.53,3.22,7
Jontay Porter,C-PF,82,236,84.25,109,13.85,8.75,9.5,25.5,31,11.9,3.4,9
Michael Porter,SF-PF,81.5,211,84.25,108.5,6.4,8.75,9.25,,,,,
Billy Preston,PF,80.75,222.4,86,108,5.45,9.25,9.5,25,33,11.26,3.2,0
Jerome Robinson,SG,76,188.4,79.25,98,6.05,9,10,,,,,
Collin Sexton,PG,72.5,183,79.25,98.5,5.6,8.25,8.5,,,,,
Landry Shamet,PG,76,188.6,78.75,100,4.85,8,9,31,39.5,11.26,3.11,8
Anfernee Simons,SG-PG,74.25,183.2,81.25,99.5,7.7,8.75,9,32,41.5,11.27,3.1,1
Zhaire Smith,SF-SG,74.75,198.6,81.75,100,6.05,8.75,8.25,33,41.5,11.02,3.05,10
Ray Spalding,PF,81,215.4,88.75,109,5.55,9.25,9,26,32,11.48,3.34,12
Omari Spellman,PF-C,80,253.8,86,107.5,13.75,9,9,28.5,35.5,12.28,3.38,8
Khyri Thomas,SG,74.5,198.8,82.5,101,6.4,8.75,9.25,30,35,10.96,3.18,14
Gary Trent,SG,76.25,204.2,80.75,98,7,8.5,9.5,33.5,39.5,11.37,3.12,12
Allonzo Trier,SG,75.75,198,78.75,98,4.95,8.25,10.5,32,40,11.02,3.14,11
Moritz Wagner,C-PF,82.5,241.4,84,108,6.75,9,10.75,27,34,11.48,3.18,8
Lonnie Walker,SG,75.75,196.2,82.25,99.5,5.65,9,9.5,31.5,40,10.87,3.06,12
PJ Washington,PF,78.5,223,86.5,107,6.85,9,10.25,27,34,11.39,3.2,3
Austin Wiley,C,80.25,249.4,89,111,5,9.75,10.25,28,33.5,12.79,3.3,14
Kris Wilkes,SF,78.5,205,82.25,103.5,5.15,8.75,9.25,28,35.5,11.29,3.24,1
Kenrich Williams,SF,78,200.4,79.25,103.5,5.95,8.5,9.75,28,33,10.86,3.19,14
Trae Young,PG,72.5,177.8,75,95.5,5.35,8,9.25,,,,,
Nickeil Alexander-Walker,SG,76.25,203.8,81.5,102,5.9,8.5,8.75,,,,,
RJ Barrett,SF,,,,,,,,,,,,
Charles Bassey,C,80.75,239,87.5,109.5,8.5,9.25,9.5,29,33,12.65,3.53,7
Darius Bazley,PF,79.75,208.4,84,107,3.6,9,9.75,30.5,37,11.09,3.27,4
Bol Bol,C,84.75,208,91,115.5,7.1,9.25,9.5,,,,,
Jordan Bone,SG,73.5,179,75.25,95,5,7.5,9.25,36,42.5,9.97,3.08,7
Brian Bowen II,SF,78.25,200,82,103,6.5,8.5,9.75,32,35.5,10.98,3.26,1
Ky Bowman,PG,73,181.2,79,98,4.9,8.25,9,27.5,33,11.11,3.26,4
Ignas Brazdeikis,SF,77.75,220.8,81.25,102,6,8.75,9.5,31,36.5,11.06,3.36,13
O'Shae Brissett,SF-PF,79,203.2,84,104,2.9,9,9.5,34,37.5,11.3,3.48,11
Moses Brown,C,85.25,237.2,88.75,113,7.8,9.5,10.25,27,31,11.95,3.51,
Brandon Clarke,SF,79.25,207.2,80.25,102,4.9,8.25,9.5,34,40.5,10.61,3.15,10
Nicolas Claxton,C,82,216.6,86.5,110,4.5,9.25,9.5,31.5,36.5,11.26,3.36,8
Tyler Cook,PF,79.25,245.4,84.5,106.5,6.1,9.5,10.75,27.5,32,11.32,3.28,11
Jarrett Culver,SG,77.25,194.2,81.5,100.5,5,8.25,8.5,,,,,
Terence Davis,SG,75,192.4,80.75,101,4.1,9.25,10.75,29.5,34,10.69,3.28,13
Luguentz Dort,PG,74.75,222.2,80.5,99.5,5,8.5,9,32.5,38,10.79,3.22,14
Devon Dotson,PG,72,178.6,75.25,95.5,5.9,8.25,9.5,30,38.5,10.63,3.04,7
Carsen Edwards,PG,70.75,199.4,78,94.5,5.5,8.75,9,28.5,34,10.53,3.22,14
Tacko Fall,C,89.25,288.8,98.25,122.5,6.8,10.5,10.5,22,26.5,13.01,3.78,8
Bruno Fernando,C,80.75,237,87.25,110,5.4,9.25,10,29.5,33.5,11.29,3.21,13
Daniel Gafford,PF,81.25,237.6,86.5,110,5.9,9.25,9.25,32.5,36.5,11.61,3.25,5
Darius Garland,PG,,,,,,,,,,,,
Quentin Grimes,SG,76,209.6,79.75,100.5,8.4,8.25,10,27.5,36,10.83,3.2,6
Kyle Guy,SG,72.75,167.8,76.5,95.5,5.7,8,8.75,30.5,36.5,10.48,3.27,4
Jaylen Hands,PG,73.5,180.4,77.5,97,5.1,8,8.25,33,41.5,10.73,3.12,6
Jared Harper,PG,69.75,169.2,77.5,94,3.9,8.25,9.5,33.5,40.5,10.77,3.04,8
Jaxson Hayes,PF,82.25,218.6,87.5,110.5,5,9.25,10.5,27,34.5,11.74,3.37,5
Dewan Hernandez,C,81,232.8,85.75,107,6.1,9.5,10.25,30.5,35.5,11.46,3.28,13
Tyler Herro,SG,76.5,192.4,75.25,100.5,7.1,8,8.75,,,,,
Jalen Hoard,PF,79.25,212.6,84.75,105.5,6.7,8.75,9.75,27.5,35.5,11.44,3.34,8
Talen Horton-Tucker,SG,74.5,235.4,85.25,103,8.4,9.5,9.75,26,34.5,11.34,3.34,10
De'Andre Hunter,,,,,,,,,,,,,
DaQuan Jeffries,SF-PF,76,215.6,83.25,104,3.9,9.5,10.25,,,,,
Ty Jerome,PG,76.25,194.4,76,98,6.5,8.25,9.5,26,31.5,11.21,3.4,2
Keldon Johnson,SG,76.75,216.4,81.25,104,5.6,8,9.25,,,,,
Cameron Johnson,SG,79,205.2,82,103,5.8,8,8.5,30.5,36.5,10.52,3.26,
Mfiondu Kabengele,PF,80.75,256.2,87,109.5,5.1,9.25,10.75,28,35.5,11.21,3.25,6
Louis King,SF,78.75,195.2,84.25,104.5,4.8,8,8.5,29,33,10.99,3.28,0
Romeo Langford,SG,76.5,,83,103,,9,9,,,,,
Dedric Lawson,PF,79,233,86.25,107.5,8.9,9.75,9.75,23.5,26,11.8,3.6,10
Jalen Lecque,PG,74.5,185.2,80.5,98.5,4,8.75,8.5,35,43,11.09,3.29,1
Nassir Little,SF,76.5,224.2,85.25,104.5,5.9,8.75,10,31,38.5,12.15,3.24,5
Terance Mann,SG-SF,76.75,204.6,79.75,101,4,9.5,9.25,32.5,38.5,11.51,3.3,6
Cody Martin,PG-SG,76.75,192.2,82.25,102.5,5,8.25,9,28,35.5,10.44,3.32,7
Charles Matthews,SG,77,194.8,81.5,103,3.8,8.5,8.75,29.5,37.5,11.26,3.38,9
Jalen McDaniels,SF,80.25,191.6,84.25,105.5,5.7,9,10,29.5,33.5,11.54,3.32,0
Ja Morant,PG,,,,,,,,,,,,
Zach Norvell Jr.,SG,76.5,206.4,78,101,7.5,8.5,9.5,24,30,11.6,3.43,
Jaylen Nowell,SG,75.25,202.4,79.25,98,6.1,8.25,8.5,32,38.5,10.76,3.23,2
Jordan Nwora,PF,77.75,220,82.5,103,7.8,8.5,9.25,,,,,
Chuma Okeke,,,,,,,,,,,,,
KZ Okpala,SF,79.25,209.6,85.75,106.5,4.6,9.25,9.25,30.5,37,10.88,3.38,9
Miye Oni,SG,76.25,205.6,82.75,100.5,4.9,9,10,30.5,38.5,11.71,3.17,19
Eric Paschall,SF,78,254.4,87.75,103.5,6.3,9,9.5,33,38,11.63,3.3,18
Reggie Perry,SF-PF,80,250.8,84.5,106,6.7,9,10,28.5,31.5,12.46,3.3,15
Shamorie Ponds,PG,71.5,180,75.5,96.5,9.8,7.75,8,29,37,11.01,3.2,0
Jordan Poole,SG,75.5,190.8,78.75,99.5,7.5,8.25,8.5,28,35.5,10.59,3.27,
Jontay Porter,PF,81.75,210.4,84,109.5,8.5,8.75,9.5,,,,,
Kevin Porter Jr.,SG,76,212.6,81,103,5.1,8.75,8.75,27,34,10.82,3.14,2
Neemias Queta,C,82.75,225.8,88.25,111.5,6.3,9.5,11,24,32.5,12.04,3.73,1
Cameron Reddish,SF,78.5,207.8,84.5,105.5,4.7,9,9,,,,,
Naz Reid,PF,80.25,255.8,87.25,109,14,9.5,9.25,26,32.5,12.03,3.42,3
Isaiah Roby,PF,79.25,214,85,106,3.9,9,10.5,32.5,35.5,10.63,3.25,9
Luka Samanic,PF,81.5,227.2,82.5,107,5.6,8.5,9,27,38,11.01,3.27,7
Admiral Schofield,SF,76,240.6,81.75,102.5,6.8,8.75,9,30,34,10.77,3.37,15
Marial Shayok,SF-PF,76.5,196.8,84.25,103.5,4.7,8.75,9.25,29.5,36.5,11.16,3.37,9
Simisola Shittu,PF,80.5,227.2,85.25,106,6.2,8.75,8.5,27,35.5,11.85,3.3,11
Killian Tillie,,,,,,,,,,,,,
P.J. Washington,PF,78.5,230.4,86.5,106.5,8.6,9,10.25,,,,,
Tremont Waters,PG,69.5,172.4,74.25,93.5,6.6,8,9.75,30.5,40.5,10.76,3.07,5
Quinndary Weatherspoon,SG,75,206.6,81,100,6.1,8.5,9,31,38,11.57,3.16,
Coby White,PG,75.5,191.4,77,97.5,4.3,7.75,9,,,,,
Kris Wilkes,SF,78.25,208.8,82.75,103,4.9,8.5,9.5,27.5,35,10.39,3.34,4
Grant Williams,PF,77.75,240.2,81.75,104.5,5.4,9,10.5,26,31.5,10.83,3.33,20
Zion Williamson,PF,,,,,,,,,,,,
Dylan Windler,SF,78.25,195.8,82,104.5,4.6,8.25,9.5,29,37.5,10.7,3.3,8
Precious Achiuwa,PF,79.5,234,84.75,108.5,6.7,9,10,,,,,
Ty-Shon Alexander,SG,74,200.8,80,100,12.3,8.75,8.75,28,33,11.33,3.26,
Udoka Azubuike,C,82,259.5,91.25,109,9.61,9.25,10,37,41,11.82,3.23,
Tyler Bey,PF,78,212.8,85.25,105.5,5,8.5,9,37,43.5,11.35,3.17,
Yoeli Childs,PF,78,226.4,83.5,106,8.2,8.75,10,34,38.5,10.87,3.22,
Mamadi Diakite,PF,80.5,222.1,87.75,107,7.83,9,10.25,28,37,11.95,3.16,
Devon Dotson,PG,72.5,185.2,75,95,4.6,8.25,10,31.5,40.5,10.44,3.02,
Paul Eboua,SF-PF,78,222.2,87.5,108,3.8,9,10.25,33,35.5,10.79,3.19,
CJ Elleby,SG-SF,77.5,198.6,79.25,100.5,4.2,8.75,10,30.5,36.5,11.25,3.25,
Trent Forrest,PG,75.5,203,79.5,102.5,5.65,9,9.75,28,34.5,11.04,3.18,
Josh Green,SG-SF,76.5,214,81.75,101.5,6.8,8,8.75,30.5,39.5,10.64,3.12,
Ashton Hagans,PG,73.5,193,80,99.5,4.1,9,9,29.5,36.5,10.82,3.13,
Joshua Hall,SF,78,196.6,83,104.5,7.6,8.75,9.5,31.5,37.5,12.16,3.38,
Jalen Harris,SG,74.75,193.4,79,97.5,4.4,8.25,9.5,37.5,42.5,10.59,3.11,
Markus Howard,PG,69.5,170.8,72.25,91.5,9.91,8.5,7.75,30.5,35.5,11.21,3.11,
Elijah Hughes,SF-SG,76.75,229,79.5,101.5,10.2,8.5,8.75,,,,,
Isaiah Joe,SG,75,170.4,79.5,101,4.7,8.25,8.25,,,,,
Mason Jones,SG,75.75,207.2,79,102.5,8.9,8.75,8.5,24,31,10.6,3.33,
Nathan Knight,PF-C,80,235,86,109.5,8.2,9,9.5,23,31.5,11.56,3.31,
Theo Maledon,PG,76,187.4,80.75,100.5,2.8,8.5,10,,,,,
Karim Mane,PG-SG,77,196,83,102,3.73,8.5,9.75,31,36,11.52,3.04,
Naji Marshall,SF,77.75,233.5,84.75,102.5,8.7,9.25,10.5,28.5,35,11.77,3.37,
Kenyon Martin Jr.,SF-PF,78,213.2,79.25,102,5.9,8.5,8.75,31.5,38.5,11.93,3.16,
Skylar Mays,SG,75,204,78,99,7.4,8,9.75,29,37.5,10.65,3.3,
Zeke Nnaji,PF-C,81.25,246.8,86,105.5,5.9,9,10.5,33,38,10.94,3.2,
Jordan Nwora,SF-PF,77.75,223,82.25,104,11.68,8.5,9.25,29,35,11.29,3.43,
Reggie Perry,PF-C,80.25,249.6,84.25,106.5,8.4,9.25,11,30,33.5,11.26,3.25,
Myles Powell,PG-SG,72.5,194,79,99,15.8,8,9,,,,,
Immanuel Quickley,SG,74,185.8,80.25,99,8.2,8,8.75,29.5,35.5,11.21,3.17,
Jahmi'us Ramsey,SG,74.5,193.4,78,100.5,3.4,8.75,9.75,,,,,
Paul Reed Jr.,PF,80.5,219.2,86,109.5,6.83,9,8.75,26.5,37.5,12.29,3.45,
Nick Richards,C,82.5,241.6,86.25,110,8.5,9,9,30,34,11.42,3.25,
Grant Riller,PG-SG,72.25,178.4,77.25,96.5,5.4,8,8.5,32.5,39.5,11.17,3.07,
Jayden Scrubb,SG-SF,77,185.2,81.5,104.5,3.7,8.25,9.75,,,,,
Jalen Smith,PF-C,81.25,224.6,86.25,110,3.7,9.25,9.25,,,,,
Cassius Stanley,SG,77,201.6,79,99.5,5.8,8.25,9,34.5,44,11.4,3.09,
Lamar Stevens,SF-PF,77.75,228,81,101,6.8,8.5,9.75,35,41,10.35,3.2,
Isaiah Stewart,C,79.25,243,88.75,108.5,7.5,9,10.5,,,,,
Tyrell Terry,PG,73.5,170,73.75,96,7.6,7.5,8.25,30,34,10.78,3.28,
Killian Tillie,PF,80.75,221.6,80,106,12.43,8.25,9.25,27.5,32,11.6,3.4,
Xavier Tillman Sr.,PF-C,79.5,266.5,86,106,8.5,10.25,11,26,32.5,11.8,3.49,
Kaleb Wesson,C,81.25,252.6,87.5,111.5,12.5,9,10.75,21.5,27,11.73,3.6,
Kahlil Whitney,SF,77.5,205,84.25,105.5,5.3,9.25,10.25,29,39,11.17,3.28,
Cassius Winston,PG,72.5,196,78,97,9,8.75,8.25,24,28,11.15,3.61,
Robert Woodard II,SF,77.5,230.2,86,105.5,4.5,9,10.75,32,38,11.1,3.18,
Ochai Agbaji,SG,76.5,216.8,82.25,104,5.4,8.75,9.5,32,39,10.77,3.13,
Patrick Baldwin Jr.,SF,81.25,230.8,85.75,110.5,8.9,8.75,9.5,23.5,26.5,12.25,3.45,
Paolo Banchero,PF,,,,,,,,,,,,
Dominick Barlow,PF,80.75,221,87,108.5,5.9,9,10.5,28.5,34,11.29,3.33,
MarJon Beauchamp,SG,77.25,196.6,84.75,106,5.3,9,9,,,,,
Hugo Besson,SG,76.5,180.4,77.5,102,8.8,7.5,8.5,24.5,31.5,11.36,3.4,
Malaki Branham,SG,76,194.8,82,102.5,6.1,8.5,9.75,29,35,11.38,3.17,
Christian Braun,SG,77.5,209.2,78.5,99.5,6.2,8,8.5,33.5,40,11,3.16,
Kendall Brown,SF,78.25,201.2,83,103,4.9,9,9,31.5,41,11.57,3.29,
John Butler Jr.,PF,83.75,174.4,86.25,112,4.7,8.5,8.75,26.5,28.5,11.16,3.33,
Julian Champagnie,SF,78.25,212.4,82,107,7.1,8.75,9.25,28.5,34.5,11.39,3.14,
Kennedy Chandler,PG,71.5,172.2,77.25,97,4.4,8.5,9.5,31,41.5,10.73,,
Max Christie,SG,76.25,189.2,80.75,102.5,4.8,8,8.5,32,37.5,10.82,3.07,
Kofi Cockburn,C,83,293,88.25,110.5,8.2,9.75,10.25,29.5,32.5,12.11,3.33,
Dyson Daniels,SG,78,195.2,82.5,105,4.9,8.5,9.75,29,34,10.81,3.22,
Johnny Davis,PG,76.25,196.4,80.5,103.5,6.7,8.5,10.25,,,,,
JD Davison,PG,72.5,191.8,78.5,99.5,7.8,8.5,9.5,30,37,11.38,3.26,
Darius Days,SF-PF,,,,,,,,,,,,
Moussa Diabate,C,81.25,216.6,86.5,109.5,2.7,8.5,10.5,29,36.5,11.16,3.26,
Ousmane Dieng,SF,,,,,,,,,,,,
Khalifa Diop,C,,,,,,,,,,,,
Jalen Duren,C,,,,,,,,,,,,
Tari Eason,PF,78.75,217.4,86,107.5,5.9,9.25,11,,,,,
Keon Ellis,SG,75.5,167.4,80.5,102,3.8,8,9.25,28,35.5,10.87,3.18,
Michael Foster Jr.,C,79.75,236.6,84.25,109.5,6.2,8.75,10,28,32.5,11.49,3.22,
Collin Gillespie,PG,73.5,195.8,76,98,8.6,8.25,9,26.5,33,10.95,3.21,
AJ Griffin,SF,,,,,,,,,,,,
Jaden Hardy,SG,,,,,,,,,,,,
Ron Harper Jr.,SF,76,240.4,85.25,105.5,14.3,9.5,10,26,30.5,11.41,3.4,
Chet Holmgren,PF,,,,,,,,,,,,
Harrison Ingram,SF,77.25,232.8,84.25,103.5,8.3,9,10,29.5,35,11.83,3.31,
Jaden Ivey,PG,,,,,,,,,,,,
Trayce Jackson-Davis,C,,,,,,,,,,,,
Nikola Jovic,SF,81.5,222.6,84.25,108.5,7.4,8.75,9.75,,,,,
Johnny Juzang,SG,77.25,208.6,83,102.5,7.5,8.5,9.5,27.5,32.5,11.03,3.29,
Ismael Kamagate,PF,,,,,,,,,,,,
Trevor Keels,SG,75.25,223.8,79.25,101,13.5,8.25,9,24.5,31,11.33,3.27,
Walker Kessler,C,84.25,256,88.25,113,14.7,8.5,8.5,,,,,
Christian Koloko,C,82.75,221,89.25,113,5.7,9,10.75,28,33.5,11.3,3.27,
Jake LaRavia,PF,78.75,227.2,81.5,104,9,8.5,10.25,27.5,34,10.58,3.37,
Justin Lewis,PF,78.25,235.4,86.5,105.5,7.3,9,10.5,32.5,35,11.49,3.23,
E.J. Liddell,PF,77.5,243,83.75,103.5,12.2,8.25,9.25,35.5,38,11.11,3.26,
Kenneth Lofton Jr.,PF-C,,,,,,,,,,,,
Tyrese Martin,SG-SF,,,,,,,,,,,,
Bennedict Mathurin,SG,76.5,204.6,81,104,5.7,8.5,9.75,,,,,
Matthew Mayer,SF,80,216.4,82.5,105,11.1,9,10.25,25.5,31.5,10.74,3.39,
Bryce McGowens,SG,77.25,181.2,80.75,103.5,5.4,8.75,9.5,29.5,34,11.12,3.27,
Leonard Miller,SF,80.5,211,86,106.5,5.7,9.25,10.5,30,36.5,11.11,3.36,
Josh Minnott,PF,,,,,,,,,,,,
Aminu Mohammed,SG-SF,75.5,212.8,83,104,5.1,8.75,9.5,29.5,36,11.54,3.33,
Iverson Molinar,PG,74.25,183.2,80,101,4.8,8.5,9.5,31,38,11.23,3.19,
Jean Montero,PG,73,171.8,77.25,98.5,7.4,8,8.75,29.5,37,11.19,3.17,
Wendell Moore,SG,76.25,217.2,84.5,101,7.5,8.75,10.25,32.5,38.5,10.94,3.3,
Keegan Murray,PF,,,,,,,,,,,,
Andrew Nembhard,PG,75,195.6,77.75,99,4.4,8,9.5,26.5,35,10.46,3.26,
Scotty Pippen Jr.,PG,72,180,77.75,95.5,5.3,7.75,9,30.5,37.5,11.07,3.21,
Gabriele Procida,SG-SF,77.75,192.8,80,106,3.8,8,9.25,29.5,35,11.02,3.07,
Jared Rhoden,SG-SF,,,,,,,,,,,,
Orlando Robinson,C,81.75,244.4,88,111,9.5,8.75,10,23,27.5,11.4,3.55,
David Roddy,PF,76.5,260.8,83.5,105,11.6,8.75,10,27,35.5,10.75,3.22,
Ryan Rollins,SG,74,179.2,81.75,100.5,5,8,8.5,30.5,36.5,11.26,3.07,
Marcus Sasser,PG,,,,,,,,,,,,
Dereon Seabron,SG,76.75,182.4,80.75,103.5,4,8.5,9.5,30.5,38,11.03,3.12,
Shaedon Sharpe,SG,76.25,198,83.5,103.5,4.8,9,9.25,,,,,
Terquavion Smith,SG,74.25,165.2,78.5,98,3.8,8.5,8,30.5,38.5,10.63,3.14,
Jabari Smith,PF,,,,,,,,,,,,
Jeremy Sochan,PF,,,,,,,,,,,,
Matteo Spagnolo,PG,76,196.2,80,102,8.6,8.25,10,25.5,31.5,11.42,3.4,
Julian Strawther,SF,77.75,207.6,81.5,104.5,7.9,8.25,8.5,28.5,35,10.3,3.26,
Dalen Terry,SG,78,195.2,84.75,106,5.4,8.5,9,,,,,
Drew Timme,C,80.25,231.6,86,107.5,15.7,9,10,25.5,31.5,11.71,3.38,
Jabari Walker,PF,78.75,213.8,82.75,105,12.1,8.75,9.75,29.5,32.5,11.53,3.24,
TyTy Washington Jr.,SG,74.25,196.4,80,99.5,12,8.5,9.25,,,,,
Peyton Watson,SF,78.75,203.4,84.5,107.5,5.2,8.5,9.5,28,33.5,11.03,3.28,
Blake Wesley,SG,75,187.2,81.25,103,5.6,8.25,9,30,36,11.55,3.21,
Alondes Williams,SG,75.75,209,79,102,7.2,8.5,9.25,30,35.5,10.96,3.15,
Jalen Williams,SG,76.5,209.2,86.25,105.5,8.9,8.5,9.5,33.5,39,11.13,3.11,
Jaylin Williams,C,80.75,236.6,85,108.5,8,8.5,10.5,24.5,30,11.64,3.5,
Trevion Williams,C,79.25,264.6,86.75,108.5,10.8,9,10.25,27.5,30,12.75,3.48,
Bryson Williams,PF-C,,,,,,,,,,,,
Mark Williams,C,84,242.4,90.5,117,5.4,9,9.75,,,,,
Jalen Wilson,SF-PF,,,,,,,,,,,,
Fanbo Zeng,SF-PF,,,,,,,,,,,,
Trey Alexander,SG,75.25,184.6,82,101.5,,8.5,8.75,29.5,34,11.6,3.35,
Amari Bailey,SG,75.25,190.8,79,103.5,,8,9.25,28.5,35,11.34,3.19,
Emoni Bates,SF,80.25,179.2,81,105,,8,8.25,27,32.5,11.54,3.49,
Reece Beekman,PG,73.5,190.6,79,100.5,,8.5,8.25,30.5,38,10.99,3.14,
Anthony Black,PG,77.75,210,79.5,102.5,,8.25,9.5,32,39,11.04,3.35,
Adem Bona,C,80.25,243.4,,110.5,,9.25,10,,,,,
Kobe Brown,PF,78.5,252.2,84.75,106.5,,8.75,9.75,28.5,32,11.39,3.33,
Kobe Bufkin,SG,76.25,186.8,79.75,102.5,,8,9.25,29,36,11.71,3.26,
Toumani Camara,PF,79,220.4,84.5,107,,9,10,28.5,33,10.7,3.41,
Sidy Cissoko,SF,77.5,223.8,81.75,104,,9.25,10,30.5,35.5,11.24,3.31,
Jaylen Clark,SG,76,204.2,81,101.5,,8.5,9,,,,,
Noah Clowney,PF,,,,,,,,,,,,
Bilal Coulibaly,SG-SF,,,,,,,,,,,,
Ricky Council IV,SF,77,208,81,103,,7.75,8.5,30.5,37,11.2,3.33,
Gradey Dick,SG,78.25,204,80.75,101,,8.25,9,29,34,11.13,3.5,
Nikola Djurisic,SF,79,217.6,80.25,102,,8.25,9.5,,,,,
Zach Edey,C,87.25,306.4,94.5,115.5,,9.75,11,26,29.5,11.37,3.45,
Adam Flagler,PG,73,191.8,76.5,97,,8,9.25,31,36,10.96,3.24,
Keyonte George,SG,,,,,,,,,,,,
Mouhamed Gueye,C,82.25,212.6,87.25,110.5,,9,10,,,,,
Jordan Hawkins,SG,76.25,186,78.75,101.5,,8.25,8.75,,,,,
Coleman Hawkins,PF,80.5,224.4,84.25,108.5,,8.75,8.75,26.5,32.5,12.14,3.37,
Scoot Henderson,PG,,,,,,,,,,,,
Taylor Hendricks,PF,80.25,213.6,84.5,107,,9.25,10.25,32.5,36,11.27,3.32,
DaRon Holmes II,C,81,220.8,84.5,109,,8.5,9.5,29.5,35,11.48,3.2,
Jalen Hood-Schifino,PG,76.25,216.6,82.25,100.5,,9,9.75,,,,,
Jett Howard,SF,,,,,,,,,,,,
GG Jackson,PF,80.25,214.4,83.5,106,,8.5,10,31,37,11.39,3.21,
Andre Jackson Jr.,SF,77.5,198.4,81.75,103,,8.25,9.5,30.5,39.5,10.83,3.14,
Trayce Jackson-Davis,C,80.25,240.4,85,106,,9.25,10.75,33,36.5,11.8,3.2,
Jaime Jaquez Jr.,SF,78,226.4,81.5,99.5,,8.5,9.5,34.5,39,11.21,3.33,
Keyontae Johnson,SF,76,238.6,84,103,,9,9,,,,,
Colby Jones,SG,76.5,199.2,80,103,,8.25,8.5,30.5,35,11.14,3.33,
Ryan Kalkbrenner,C,84.75,251.8,89,112.5,,9.25,11,28,30.5,12.27,3.39,
Arthur Kaluma,PF,78.25,221.8,84.5,103.5,,8.5,10,32.5,34.5,11.35,3.44,
Mojave King,SG,75.75,200.6,80,101,,8.75,9.5,33.5,42,11.07,3.18,
Bobi Klintman,PF,,,,,,,,,,,,
Maxwell Lewis,SG,78.25,207.2,84,104.5,,8.75,9.5,32.5,36.5,11.4,3.43,
Dereck Lively Jr.,C,,,,,,,,,,,,
Chris Livingston,SF,78,219.2,83.25,104.5,,8.5,9,30.5,37,11.65,3.27,
Seth Lundy,SF,76,214.4,82.25,104,,8.5,9,31.5,35.5,11.02,3.15,
Kevin McCullar,SF,,,,,,,,,,,,
Mike Miles Jr.,PG,72.75,205,72.5,96,,8,8.25,33,37,11.01,3.11,
Jordan Miller,SF,76.5,191.6,83.75,103.5,,8.5,9.25,32,36.5,11.43,3.17,
Brandon Miller,SF,,,,,,,,,,,,
Leonard Miller,PF,81.25,212.8,86,106.5,,9.5,10.5,32,37.5,11,3.33,
Judah Mintz,PG,75,176.4,75.5,98,,8.25,9.25,28.5,37,10.32,3.24,
Dillon Mitchell,PF,78.75,193,82,105,,8.25,9.5,29,37,10.92,3.32,
Omari Moore,SG,77.25,188.6,81.75,103.5,,9,10.25,29,35.5,10.8,3.22,
Kris Murray,PF,79.75,212.8,83.75,106,,8.5,9,29.5,35,11.11,3.3,
Grant Nelson,PF,82,223.4,84,106.5,,9,9.5,32,35.5,9.99,3.21,
James Nnaji,C,,,,,,,,,,,,
Julian Phillips,SF,78.75,196.6,83.5,102,,8.5,9,36,43,11.09,3.32,
Jalen Pickett,PG,74,197.8,79.25,98.5,,8.5,7.5,28.5,33,11.91,3.35,
Brandin Podziemski,SG,75.75,203.8,77.5,96.5,,8.25,10,31.5,39,11.16,3.21,
Olivier-Maxence Prosper,PF,78.75,212.4,85,104,,8.25,10,35,40.5,10.59,3.21,
Rayan Rupert,SF,78,193.2,86,106,,8.5,9.5,27.5,32.5,11.18,3.43,
Adama Sanogo,C,79.25,257.8,86.75,108.5,,9.75,10,28.5,31,11.5,3.31,
Marcus Sasser,PG,73.25,195.6,79,99.5,,8.75,9.5,27,35,10.68,3.43,
Brice Sensabaugh,SF,,,,,,,,,,,,
Terrence Shannon Jr.,SF,77.5,220,80,102,,8.25,8,32,37.5,10.36,3.06,
Ben Sheppard,SG,77.25,194.6,79.75,100,,8.5,9.5,29.5,35.5,10.88,3.17,
Jalen Slawson,PF,78.5,221.6,83.75,106,,9,9,29,33,11.26,3.29,
Terquavion Smith,SG,74.5,163.2,78.75,98,,8.5,8,30,37,10.86,3.21,
Nick Smith Jr.,SG,,,,,,,,,,,,
Julian Strawther,SF,78,208.8,81.25,105,,8.25,8.25,27.5,34.5,10.94,3.31,
Amen Thompson,SG,77.75,214.2,84,103.5,,8.5,8.5,,,,,
Ausar Thompson,SG,77.75,218.2,84,104,,8.75,9.25,,,,,
Drew Timme,C,80.75,243.2,85.75,108.5,,9,10,26,30.5,10.93,3.34,
Nae'Qwan Tomlin,PF,,,,,,,,,,,,
Oscar Tshiebwe,C,79.25,253.6,87.5,108,,9.75,10.25,29.5,32.5,12.26,3.32,
Azuolas Tubelis,PF,80.75,234.8,83,108,,9,10.5,23.5,30.5,11.17,3.5,
Tristan Vukcevic,C,83.25,223.4,86.5,111,,9,10.25,26,30.5,11.71,3.43,
Jarace Walker,PF,78.5,248.6,86.5,104.5,,9,10,34.5,38,10.89,3.2,
Cason Wallace,PG,74.5,195.2,80.5,101,,8.5,9.25,28,36,10.82,3.34,
Jordan Walsh,SF,77.75,204,85.75,107,,8.75,8.5,33,36,10.83,3.3,
Victor Wembanyama,C,,,,,,,,,,,,
Dariq Whitehead,SG,77.75,217.2,82.25,103.5,,8.5,10,,,,,
Cam Whitmore,SF,77.75,235,80.5,103.5,,8,8.25,31.5,40.5,10.82,3.2,
Jalen Wilson,SF,77.5,230.2,80,99.5,,8.25,9,31.5,35,11.26,3.2,
Isaiah Wong,SG,74.5,178.4,78.75,97.5,,8.25,9.5,32.5,37,10.93,3.22,
